machine_id,block_id,day,assigned,scenario,solver,master_days,subproblem_days,lock_days,start_day
fb_01,B76352,1,1,MASc KA 6 blocks,sa,112,112,7,1
fb_01,B76352,1,1,MASc KA 6 blocks,sa,112,112,7,1
fb_01,B77363,1,1,MASc KA 6 blocks,sa,112,112,7,1
fb_02,B74735,1,1,MASc KA 6 blocks,sa,112,112,7,1
fb_02,B74735,1,1,MASc KA 6 blocks,sa,112,112,7,1
fb_02,B74735,1,1,MASc KA 6 blocks,sa,112,112,7,1
fb_01,B74735,2,1,MASc KA 6 blocks,sa,112,112,7,1
fb_01,B77363,2,1,MASc KA 6 blocks,sa,112,112,7,1
fb_01,B77363,2,1,MASc KA 6 blocks,sa,112,112,7,1
fb_02,B74735,2,1,MASc KA 6 blocks,sa,112,112,7,1
fb_02,B74735,2,1,MASc KA 6 blocks,sa,112,112,7,1
fb_02,B76352,2,1,MASc KA 6 blocks,sa,112,112,7,1
sk_01,B74735,2,1,MASc KA 6 blocks,sa,112,112,7,1
sk_01,B77363,2,1,MASc KA 6 blocks,sa,112,112,7,1
sk_02,B77363,2,1,MASc KA 6 blocks,sa,112,112,7,1
fb_01,B76319,3,1,MASc KA 6 blocks,sa,112,112,7,1
fb_01,B76319,3,1,MASc KA 6 blocks,sa,112,112,7,1
fb_01,B77363,3,1,MASc KA 6 blocks,sa,112,112,7,1
fb_02,B74735,3,1,MASc KA 6 blocks,sa,112,112,7,1
fb_02,B74735,3,1,MASc KA 6 blocks,sa,112,112,7,1
fb_02,B77363,3,1,MASc KA 6 blocks,sa,112,112,7,1
pr_01,B74735,3,1,MASc KA 6 blocks,sa,112,112,7,1
pr_01,B77363,3,1,MASc KA 6 blocks,sa,112,112,7,1
sk_01,B74735,3,1,MASc KA 6 blocks,sa,112,112,7,1
sk_01,B77363,3,1,MASc KA 6 blocks,sa,112,112,7,1
sk_01,B77363,3,1,MASc KA 6 blocks,sa,112,112,7,1
sk_02,B76352,3,1,MASc KA 6 blocks,sa,112,112,7,1
sk_02,B77363,3,1,MASc KA 6 blocks,sa,112,112,7,1
sk_02,B77363,3,1,MASc KA 6 blocks,sa,112,112,7,1
fb_01,B74735,4,1,MASc KA 6 blocks,sa,112,112,7,1
fb_01,B74735,4,1,MASc KA 6 blocks,sa,112,112,7,1
fb_01,B77363,4,1,MASc KA 6 blocks,sa,112,112,7,1
fb_02,B74735,4,1,MASc KA 6 blocks,sa,112,112,7,1
fb_02,B74735,4,1,MASc KA 6 blocks,sa,112,112,7,1
fb_02,B74735,4,1,MASc KA 6 blocks,sa,112,112,7,1
ld_01,B77363,4,1,MASc KA 6 blocks,sa,112,112,7,1
pr_01,B77363,4,1,MASc KA 6 blocks,sa,112,112,7,1
pr_01,B77363,4,1,MASc KA 6 blocks,sa,112,112,7,1
pr_01,B77363,4,1,MASc KA 6 blocks,sa,112,112,7,1
sk_01,B77363,4,1,MASc KA 6 blocks,sa,112,112,7,1
sk_01,B77363,4,1,MASc KA 6 blocks,sa,112,112,7,1
sk_01,B77363,4,1,MASc KA 6 blocks,sa,112,112,7,1
sk_02,B74735,4,1,MASc KA 6 blocks,sa,112,112,7,1
sk_02,B77363,4,1,MASc KA 6 blocks,sa,112,112,7,1
fb_01,B76352,5,1,MASc KA 6 blocks,sa,112,112,7,1
fb_01,B76352,5,1,MASc KA 6 blocks,sa,112,112,7,1
fb_01,B76352,5,1,MASc KA 6 blocks,sa,112,112,7,1
fb_02,B76352,5,1,MASc KA 6 blocks,sa,112,112,7,1
fb_02,B76352,5,1,MASc KA 6 blocks,sa,112,112,7,1
fb_02,B76352,5,1,MASc KA 6 blocks,sa,112,112,7,1
ld_01,B77363,5,1,MASc KA 6 blocks,sa,112,112,7,1
ld_01,B77363,5,1,MASc KA 6 blocks,sa,112,112,7,1
ld_01,B77363,5,1,MASc KA 6 blocks,sa,112,112,7,1
pr_01,B77363,5,1,MASc KA 6 blocks,sa,112,112,7,1
pr_01,B77363,5,1,MASc KA 6 blocks,sa,112,112,7,1
pr_01,B77363,5,1,MASc KA 6 blocks,sa,112,112,7,1
sk_01,B74735,5,1,MASc KA 6 blocks,sa,112,112,7,1
sk_01,B74735,5,1,MASc KA 6 blocks,sa,112,112,7,1
sk_01,B77363,5,1,MASc KA 6 blocks,sa,112,112,7,1
sk_02,B74735,5,1,MASc KA 6 blocks,sa,112,112,7,1
sk_02,B77363,5,1,MASc KA 6 blocks,sa,112,112,7,1
fb_01,B76352,6,1,MASc KA 6 blocks,sa,112,112,7,1
fb_01,B76352,6,1,MASc KA 6 blocks,sa,112,112,7,1
fb_01,B76352,6,1,MASc KA 6 blocks,sa,112,112,7,1
fb_02,B76352,6,1,MASc KA 6 blocks,sa,112,112,7,1
fb_02,B76352,6,1,MASc KA 6 blocks,sa,112,112,7,1
fb_02,B76352,6,1,MASc KA 6 blocks,sa,112,112,7,1
ld_01,B77363,6,1,MASc KA 6 blocks,sa,112,112,7,1
ld_01,B77363,6,1,MASc KA 6 blocks,sa,112,112,7,1
ld_01,B77363,6,1,MASc KA 6 blocks,sa,112,112,7,1
pr_01,B74735,6,1,MASc KA 6 blocks,sa,112,112,7,1
pr_01,B74735,6,1,MASc KA 6 blocks,sa,112,112,7,1
pr_01,B77363,6,1,MASc KA 6 blocks,sa,112,112,7,1
sk_01,B76352,6,1,MASc KA 6 blocks,sa,112,112,7,1
sk_02,B76352,6,1,MASc KA 6 blocks,sa,112,112,7,1
fb_01,B76319,7,1,MASc KA 6 blocks,sa,112,112,7,1
fb_01,B76352,7,1,MASc KA 6 blocks,sa,112,112,7,1
fb_01,B76352,7,1,MASc KA 6 blocks,sa,112,112,7,1
fb_02,B76352,7,1,MASc KA 6 blocks,sa,112,112,7,1
fb_02,B76352,7,1,MASc KA 6 blocks,sa,112,112,7,1
fb_02,B77363,7,1,MASc KA 6 blocks,sa,112,112,7,1
ld_01,B74735,7,1,MASc KA 6 blocks,sa,112,112,7,1
ld_01,B77363,7,1,MASc KA 6 blocks,sa,112,112,7,1
pr_01,B74735,7,1,MASc KA 6 blocks,sa,112,112,7,1
pr_01,B74735,7,1,MASc KA 6 blocks,sa,112,112,7,1
pr_01,B74735,7,1,MASc KA 6 blocks,sa,112,112,7,1
sk_01,B76352,7,1,MASc KA 6 blocks,sa,112,112,7,1
sk_02,B76352,7,1,MASc KA 6 blocks,sa,112,112,7,1
fb_01,B76319,8,1,MASc KA 6 blocks,sa,112,112,7,1
fb_01,B77363,8,1,MASc KA 6 blocks,sa,112,112,7,1
fb_01,B77363,8,1,MASc KA 6 blocks,sa,112,112,7,1
fb_02,B74735,8,1,MASc KA 6 blocks,sa,112,112,7,1
fb_02,B77252,8,1,MASc KA 6 blocks,sa,112,112,7,1
fb_02,B77363,8,1,MASc KA 6 blocks,sa,112,112,7,1
fb_01,B74735,9,1,MASc KA 6 blocks,sa,112,112,7,1
fb_01,B76319,9,1,MASc KA 6 blocks,sa,112,112,7,1
fb_01,B77363,9,1,MASc KA 6 blocks,sa,112,112,7,1
fb_02,B74735,9,1,MASc KA 6 blocks,sa,112,112,7,1
fb_02,B74735,9,1,MASc KA 6 blocks,sa,112,112,7,1
fb_02,B76319,9,1,MASc KA 6 blocks,sa,112,112,7,1
sk_01,B77363,9,1,MASc KA 6 blocks,sa,112,112,7,1
sk_01,B77363,9,1,MASc KA 6 blocks,sa,112,112,7,1
sk_01,B77363,9,1,MASc KA 6 blocks,sa,112,112,7,1
sk_02,B77363,9,1,MASc KA 6 blocks,sa,112,112,7,1
sk_02,B77363,9,1,MASc KA 6 blocks,sa,112,112,7,1
sk_02,B77363,9,1,MASc KA 6 blocks,sa,112,112,7,1
fb_01,B76319,10,1,MASc KA 6 blocks,sa,112,112,7,1
fb_01,B77363,10,1,MASc KA 6 blocks,sa,112,112,7,1
fb_01,B77363,10,1,MASc KA 6 blocks,sa,112,112,7,1
fb_02,B74735,10,1,MASc KA 6 blocks,sa,112,112,7,1
fb_02,B74735,10,1,MASc KA 6 blocks,sa,112,112,7,1
fb_02,B74735,10,1,MASc KA 6 blocks,sa,112,112,7,1
pr_01,B77363,10,1,MASc KA 6 blocks,sa,112,112,7,1
pr_01,B77363,10,1,MASc KA 6 blocks,sa,112,112,7,1
pr_01,B77363,10,1,MASc KA 6 blocks,sa,112,112,7,1
sk_01,B74735,10,1,MASc KA 6 blocks,sa,112,112,7,1
sk_01,B77363,10,1,MASc KA 6 blocks,sa,112,112,7,1
sk_02,B76319,10,1,MASc KA 6 blocks,sa,112,112,7,1
sk_02,B77363,10,1,MASc KA 6 blocks,sa,112,112,7,1
fb_01,B74735,11,1,MASc KA 6 blocks,sa,112,112,7,1
fb_01,B74735,11,1,MASc KA 6 blocks,sa,112,112,7,1
fb_01,B74735,11,1,MASc KA 6 blocks,sa,112,112,7,1
fb_02,B74735,11,1,MASc KA 6 blocks,sa,112,112,7,1
fb_02,B74735,11,1,MASc KA 6 blocks,sa,112,112,7,1
fb_02,B76352,11,1,MASc KA 6 blocks,sa,112,112,7,1
ld_01,B77363,11,1,MASc KA 6 blocks,sa,112,112,7,1
ld_01,B77363,11,1,MASc KA 6 blocks,sa,112,112,7,1
ld_01,B77363,11,1,MASc KA 6 blocks,sa,112,112,7,1
pr_01,B76319,11,1,MASc KA 6 blocks,sa,112,112,7,1
pr_01,B77363,11,1,MASc KA 6 blocks,sa,112,112,7,1
pr_01,B77363,11,1,MASc KA 6 blocks,sa,112,112,7,1
sk_01,B74735,11,1,MASc KA 6 blocks,sa,112,112,7,1
sk_01,B77363,11,1,MASc KA 6 blocks,sa,112,112,7,1
sk_01,B77363,11,1,MASc KA 6 blocks,sa,112,112,7,1
sk_02,B74735,11,1,MASc KA 6 blocks,sa,112,112,7,1
sk_02,B77363,11,1,MASc KA 6 blocks,sa,112,112,7,1
sk_02,B77363,11,1,MASc KA 6 blocks,sa,112,112,7,1
fb_01,B76352,12,1,MASc KA 6 blocks,sa,112,112,7,1
fb_01,B76352,12,1,MASc KA 6 blocks,sa,112,112,7,1
fb_01,B76352,12,1,MASc KA 6 blocks,sa,112,112,7,1
fb_02,B76319,12,1,MASc KA 6 blocks,sa,112,112,7,1
fb_02,B76352,12,1,MASc KA 6 blocks,sa,112,112,7,1
fb_02,B77300,12,1,MASc KA 6 blocks,sa,112,112,7,1
ld_01,B77363,12,1,MASc KA 6 blocks,sa,112,112,7,1
ld_01,B77363,12,1,MASc KA 6 blocks,sa,112,112,7,1
pr_01,B77363,12,1,MASc KA 6 blocks,sa,112,112,7,1
pr_01,B77363,12,1,MASc KA 6 blocks,sa,112,112,7,1
pr_01,B77363,12,1,MASc KA 6 blocks,sa,112,112,7,1
sk_01,B74735,12,1,MASc KA 6 blocks,sa,112,112,7,1
sk_02,B74735,12,1,MASc KA 6 blocks,sa,112,112,7,1
fb_01,B74735,13,1,MASc KA 6 blocks,sa,112,112,7,1
fb_01,B76352,13,1,MASc KA 6 blocks,sa,112,112,7,1
fb_01,B76352,13,1,MASc KA 6 blocks,sa,112,112,7,1
fb_02,B76352,13,1,MASc KA 6 blocks,sa,112,112,7,1
fb_02,B76352,13,1,MASc KA 6 blocks,sa,112,112,7,1
fb_02,B76352,13,1,MASc KA 6 blocks,sa,112,112,7,1
ld_01,B77363,13,1,MASc KA 6 blocks,sa,112,112,7,1
ld_01,B77363,13,1,MASc KA 6 blocks,sa,112,112,7,1
ld_01,B77363,13,1,MASc KA 6 blocks,sa,112,112,7,1
pr_01,B74735,13,1,MASc KA 6 blocks,sa,112,112,7,1
pr_01,B77363,13,1,MASc KA 6 blocks,sa,112,112,7,1
pr_01,B77363,13,1,MASc KA 6 blocks,sa,112,112,7,1
sk_01,B76352,13,1,MASc KA 6 blocks,sa,112,112,7,1
fb_01,B76352,14,1,MASc KA 6 blocks,sa,112,112,7,1
fb_01,B76352,14,1,MASc KA 6 blocks,sa,112,112,7,1
fb_01,B76352,14,1,MASc KA 6 blocks,sa,112,112,7,1
fb_02,B76319,14,1,MASc KA 6 blocks,sa,112,112,7,1
fb_02,B76352,14,1,MASc KA 6 blocks,sa,112,112,7,1
fb_02,B76352,14,1,MASc KA 6 blocks,sa,112,112,7,1
ld_01,B77363,14,1,MASc KA 6 blocks,sa,112,112,7,1
ld_01,B77363,14,1,MASc KA 6 blocks,sa,112,112,7,1
pr_01,B74735,14,1,MASc KA 6 blocks,sa,112,112,7,1
pr_01,B74735,14,1,MASc KA 6 blocks,sa,112,112,7,1
pr_01,B74735,14,1,MASc KA 6 blocks,sa,112,112,7,1
sk_01,B74735,14,1,MASc KA 6 blocks,sa,112,112,7,1
sk_01,B76352,14,1,MASc KA 6 blocks,sa,112,112,7,1
sk_02,B76352,14,1,MASc KA 6 blocks,sa,112,112,7,1
fb_01,B77363,15,1,MASc KA 6 blocks,sa,112,112,7,1
fb_01,B77363,15,1,MASc KA 6 blocks,sa,112,112,7,1
fb_01,B77363,15,1,MASc KA 6 blocks,sa,112,112,7,1
fb_02,B74735,15,1,MASc KA 6 blocks,sa,112,112,7,1
fb_02,B77363,15,1,MASc KA 6 blocks,sa,112,112,7,1
fb_02,B77363,15,1,MASc KA 6 blocks,sa,112,112,7,1
fb_01,B77363,16,1,MASc KA 6 blocks,sa,112,112,7,1
fb_01,B77363,16,1,MASc KA 6 blocks,sa,112,112,7,1
fb_01,B77363,16,1,MASc KA 6 blocks,sa,112,112,7,1
fb_02,B74735,16,1,MASc KA 6 blocks,sa,112,112,7,1
fb_02,B74735,16,1,MASc KA 6 blocks,sa,112,112,7,1
fb_02,B77363,16,1,MASc KA 6 blocks,sa,112,112,7,1
sk_01,B77363,16,1,MASc KA 6 blocks,sa,112,112,7,1
sk_01,B77363,16,1,MASc KA 6 blocks,sa,112,112,7,1
sk_01,B77363,16,1,MASc KA 6 blocks,sa,112,112,7,1
sk_02,B77363,16,1,MASc KA 6 blocks,sa,112,112,7,1
sk_02,B77363,16,1,MASc KA 6 blocks,sa,112,112,7,1
sk_02,B77363,16,1,MASc KA 6 blocks,sa,112,112,7,1
fb_01,B74735,17,1,MASc KA 6 blocks,sa,112,112,7,1
fb_01,B74735,17,1,MASc KA 6 blocks,sa,112,112,7,1
fb_01,B77363,17,1,MASc KA 6 blocks,sa,112,112,7,1
fb_02,B74735,17,1,MASc KA 6 blocks,sa,112,112,7,1
fb_02,B74735,17,1,MASc KA 6 blocks,sa,112,112,7,1
fb_02,B74735,17,1,MASc KA 6 blocks,sa,112,112,7,1
pr_01,B77363,17,1,MASc KA 6 blocks,sa,112,112,7,1
pr_01,B77363,17,1,MASc KA 6 blocks,sa,112,112,7,1
pr_01,B77363,17,1,MASc KA 6 blocks,sa,112,112,7,1
sk_01,B74735,17,1,MASc KA 6 blocks,sa,112,112,7,1
sk_01,B77363,17,1,MASc KA 6 blocks,sa,112,112,7,1
sk_01,B77363,17,1,MASc KA 6 blocks,sa,112,112,7,1
sk_02,B77363,17,1,MASc KA 6 blocks,sa,112,112,7,1
sk_02,B77363,17,1,MASc KA 6 blocks,sa,112,112,7,1
sk_02,B77363,17,1,MASc KA 6 blocks,sa,112,112,7,1
fb_01,B74735,18,1,MASc KA 6 blocks,sa,112,112,7,1
fb_01,B74735,18,1,MASc KA 6 blocks,sa,112,112,7,1
fb_01,B74735,18,1,MASc KA 6 blocks,sa,112,112,7,1
fb_02,B74735,18,1,MASc KA 6 blocks,sa,112,112,7,1
fb_02,B74735,18,1,MASc KA 6 blocks,sa,112,112,7,1
fb_02,B74735,18,1,MASc KA 6 blocks,sa,112,112,7,1
ld_01,B77363,18,1,MASc KA 6 blocks,sa,112,112,7,1
ld_01,B77363,18,1,MASc KA 6 blocks,sa,112,112,7,1
ld_01,B77363,18,1,MASc KA 6 blocks,sa,112,112,7,1
pr_01,B77363,18,1,MASc KA 6 blocks,sa,112,112,7,1
pr_01,B77363,18,1,MASc KA 6 blocks,sa,112,112,7,1
pr_01,B77363,18,1,MASc KA 6 blocks,sa,112,112,7,1
sk_01,B74735,18,1,MASc KA 6 blocks,sa,112,112,7,1
sk_01,B77363,18,1,MASc KA 6 blocks,sa,112,112,7,1
sk_01,B77363,18,1,MASc KA 6 blocks,sa,112,112,7,1
sk_02,B77363,18,1,MASc KA 6 blocks,sa,112,112,7,1
sk_02,B77363,18,1,MASc KA 6 blocks,sa,112,112,7,1
sk_02,B77363,18,1,MASc KA 6 blocks,sa,112,112,7,1
fb_01,B76352,19,1,MASc KA 6 blocks,sa,112,112,7,1
fb_01,B76352,19,1,MASc KA 6 blocks,sa,112,112,7,1
fb_01,B76352,19,1,MASc KA 6 blocks,sa,112,112,7,1
fb_02,B76352,19,1,MASc KA 6 blocks,sa,112,112,7,1
fb_02,B76352,19,1,MASc KA 6 blocks,sa,112,112,7,1
fb_02,B76352,19,1,MASc KA 6 blocks,sa,112,112,7,1
ld_01,B77363,19,1,MASc KA 6 blocks,sa,112,112,7,1
ld_01,B77363,19,1,MASc KA 6 blocks,sa,112,112,7,1
ld_01,B77363,19,1,MASc KA 6 blocks,sa,112,112,7,1
pr_01,B74735,19,1,MASc KA 6 blocks,sa,112,112,7,1
pr_01,B77363,19,1,MASc KA 6 blocks,sa,112,112,7,1
pr_01,B77363,19,1,MASc KA 6 blocks,sa,112,112,7,1
sk_01,B74735,19,1,MASc KA 6 blocks,sa,112,112,7,1
sk_01,B77363,19,1,MASc KA 6 blocks,sa,112,112,7,1
sk_01,B77363,19,1,MASc KA 6 blocks,sa,112,112,7,1
sk_02,B74735,19,1,MASc KA 6 blocks,sa,112,112,7,1
sk_02,B74735,19,1,MASc KA 6 blocks,sa,112,112,7,1
sk_02,B74735,19,1,MASc KA 6 blocks,sa,112,112,7,1
fb_01,B76352,20,1,MASc KA 6 blocks,sa,112,112,7,1
fb_01,B76352,20,1,MASc KA 6 blocks,sa,112,112,7,1
fb_01,B76352,20,1,MASc KA 6 blocks,sa,112,112,7,1
fb_02,B76352,20,1,MASc KA 6 blocks,sa,112,112,7,1
fb_02,B76352,20,1,MASc KA 6 blocks,sa,112,112,7,1
fb_02,B76352,20,1,MASc KA 6 blocks,sa,112,112,7,1
ld_01,B77363,20,1,MASc KA 6 blocks,sa,112,112,7,1
ld_01,B77363,20,1,MASc KA 6 blocks,sa,112,112,7,1
pr_01,B77363,20,1,MASc KA 6 blocks,sa,112,112,7,1
pr_01,B77363,20,1,MASc KA 6 blocks,sa,112,112,7,1
pr_01,B77363,20,1,MASc KA 6 blocks,sa,112,112,7,1
sk_01,B74735,20,1,MASc KA 6 blocks,sa,112,112,7,1
sk_01,B76352,20,1,MASc KA 6 blocks,sa,112,112,7,1
sk_01,B77363,20,1,MASc KA 6 blocks,sa,112,112,7,1
sk_02,B76352,20,1,MASc KA 6 blocks,sa,112,112,7,1
sk_02,B77363,20,1,MASc KA 6 blocks,sa,112,112,7,1
sk_02,B77363,20,1,MASc KA 6 blocks,sa,112,112,7,1
fb_01,B76352,21,1,MASc KA 6 blocks,sa,112,112,7,1
fb_01,B76352,21,1,MASc KA 6 blocks,sa,112,112,7,1
fb_01,B76352,21,1,MASc KA 6 blocks,sa,112,112,7,1
fb_02,B76352,21,1,MASc KA 6 blocks,sa,112,112,7,1
fb_02,B76352,21,1,MASc KA 6 blocks,sa,112,112,7,1
fb_02,B76352,21,1,MASc KA 6 blocks,sa,112,112,7,1
ld_01,B77363,21,1,MASc KA 6 blocks,sa,112,112,7,1
ld_01,B77363,21,1,MASc KA 6 blocks,sa,112,112,7,1
ld_01,B77363,21,1,MASc KA 6 blocks,sa,112,112,7,1
pr_01,B74735,21,1,MASc KA 6 blocks,sa,112,112,7,1
pr_01,B77363,21,1,MASc KA 6 blocks,sa,112,112,7,1
pr_01,B77363,21,1,MASc KA 6 blocks,sa,112,112,7,1
sk_01,B76352,21,1,MASc KA 6 blocks,sa,112,112,7,1
sk_02,B76352,21,1,MASc KA 6 blocks,sa,112,112,7,1
fb_01,B77363,22,1,MASc KA 6 blocks,sa,112,112,7,1
fb_01,B77363,22,1,MASc KA 6 blocks,sa,112,112,7,1
fb_01,B77363,22,1,MASc KA 6 blocks,sa,112,112,7,1
fb_02,B74735,22,1,MASc KA 6 blocks,sa,112,112,7,1
fb_02,B74735,22,1,MASc KA 6 blocks,sa,112,112,7,1
fb_02,B76319,22,1,MASc KA 6 blocks,sa,112,112,7,1
fb_01,B77363,23,1,MASc KA 6 blocks,sa,112,112,7,1
fb_01,B77363,23,1,MASc KA 6 blocks,sa,112,112,7,1
fb_01,B77363,23,1,MASc KA 6 blocks,sa,112,112,7,1
fb_02,B74735,23,1,MASc KA 6 blocks,sa,112,112,7,1
fb_02,B74735,23,1,MASc KA 6 blocks,sa,112,112,7,1
fb_02,B76319,23,1,MASc KA 6 blocks,sa,112,112,7,1
sk_01,B77363,23,1,MASc KA 6 blocks,sa,112,112,7,1
sk_01,B77363,23,1,MASc KA 6 blocks,sa,112,112,7,1
sk_01,B77363,23,1,MASc KA 6 blocks,sa,112,112,7,1
sk_02,B77363,23,1,MASc KA 6 blocks,sa,112,112,7,1
sk_02,B77363,23,1,MASc KA 6 blocks,sa,112,112,7,1
sk_02,B77363,23,1,MASc KA 6 blocks,sa,112,112,7,1
fb_01,B74735,24,1,MASc KA 6 blocks,sa,112,112,7,1
fb_01,B77252,24,1,MASc KA 6 blocks,sa,112,112,7,1
fb_01,B77363,24,1,MASc KA 6 blocks,sa,112,112,7,1
fb_02,B74735,24,1,MASc KA 6 blocks,sa,112,112,7,1
fb_02,B74735,24,1,MASc KA 6 blocks,sa,112,112,7,1
fb_02,B76319,24,1,MASc KA 6 blocks,sa,112,112,7,1
pr_01,B77363,24,1,MASc KA 6 blocks,sa,112,112,7,1
pr_01,B77363,24,1,MASc KA 6 blocks,sa,112,112,7,1
pr_01,B77363,24,1,MASc KA 6 blocks,sa,112,112,7,1
sk_01,B74735,24,1,MASc KA 6 blocks,sa,112,112,7,1
sk_01,B77363,24,1,MASc KA 6 blocks,sa,112,112,7,1
sk_01,B77363,24,1,MASc KA 6 blocks,sa,112,112,7,1
sk_02,B77363,24,1,MASc KA 6 blocks,sa,112,112,7,1
sk_02,B77363,24,1,MASc KA 6 blocks,sa,112,112,7,1
sk_02,B77363,24,1,MASc KA 6 blocks,sa,112,112,7,1
fb_01,B74735,25,1,MASc KA 6 blocks,sa,112,112,7,1
fb_01,B74735,25,1,MASc KA 6 blocks,sa,112,112,7,1
fb_01,B76319,25,1,MASc KA 6 blocks,sa,112,112,7,1
fb_02,B74735,25,1,MASc KA 6 blocks,sa,112,112,7,1
fb_02,B74735,25,1,MASc KA 6 blocks,sa,112,112,7,1
fb_02,B74735,25,1,MASc KA 6 blocks,sa,112,112,7,1
ld_01,B77363,25,1,MASc KA 6 blocks,sa,112,112,7,1
ld_01,B77363,25,1,MASc KA 6 blocks,sa,112,112,7,1
ld_01,B77363,25,1,MASc KA 6 blocks,sa,112,112,7,1
pr_01,B77363,25,1,MASc KA 6 blocks,sa,112,112,7,1
pr_01,B77363,25,1,MASc KA 6 blocks,sa,112,112,7,1
pr_01,B77363,25,1,MASc KA 6 blocks,sa,112,112,7,1
sk_01,B74735,25,1,MASc KA 6 blocks,sa,112,112,7,1
sk_01,B77363,25,1,MASc KA 6 blocks,sa,112,112,7,1
sk_01,B77363,25,1,MASc KA 6 blocks,sa,112,112,7,1
sk_02,B74735,25,1,MASc KA 6 blocks,sa,112,112,7,1
sk_02,B77363,25,1,MASc KA 6 blocks,sa,112,112,7,1
sk_02,B77363,25,1,MASc KA 6 blocks,sa,112,112,7,1
fb_01,B76352,26,1,MASc KA 6 blocks,sa,112,112,7,1
fb_01,B76352,26,1,MASc KA 6 blocks,sa,112,112,7,1
fb_01,B76352,26,1,MASc KA 6 blocks,sa,112,112,7,1
fb_02,B76352,26,1,MASc KA 6 blocks,sa,112,112,7,1
fb_02,B76352,26,1,MASc KA 6 blocks,sa,112,112,7,1
fb_02,B76352,26,1,MASc KA 6 blocks,sa,112,112,7,1
ld_01,B77363,26,1,MASc KA 6 blocks,sa,112,112,7,1
ld_01,B77363,26,1,MASc KA 6 blocks,sa,112,112,7,1
ld_01,B77363,26,1,MASc KA 6 blocks,sa,112,112,7,1
pr_01,B77363,26,1,MASc KA 6 blocks,sa,112,112,7,1
pr_01,B77363,26,1,MASc KA 6 blocks,sa,112,112,7,1
pr_01,B77363,26,1,MASc KA 6 blocks,sa,112,112,7,1
sk_01,B74735,26,1,MASc KA 6 blocks,sa,112,112,7,1
sk_01,B76319,26,1,MASc KA 6 blocks,sa,112,112,7,1
sk_02,B74735,26,1,MASc KA 6 blocks,sa,112,112,7,1
fb_01,B76352,27,1,MASc KA 6 blocks,sa,112,112,7,1
fb_01,B76352,27,1,MASc KA 6 blocks,sa,112,112,7,1
fb_01,B76352,27,1,MASc KA 6 blocks,sa,112,112,7,1
fb_02,B76352,27,1,MASc KA 6 blocks,sa,112,112,7,1
fb_02,B76352,27,1,MASc KA 6 blocks,sa,112,112,7,1
fb_02,B76352,27,1,MASc KA 6 blocks,sa,112,112,7,1
ld_01,B77363,27,1,MASc KA 6 blocks,sa,112,112,7,1
ld_01,B77363,27,1,MASc KA 6 blocks,sa,112,112,7,1
ld_01,B77363,27,1,MASc KA 6 blocks,sa,112,112,7,1
pr_01,B77363,27,1,MASc KA 6 blocks,sa,112,112,7,1
pr_01,B77363,27,1,MASc KA 6 blocks,sa,112,112,7,1
pr_01,B77363,27,1,MASc KA 6 blocks,sa,112,112,7,1
sk_01,B76352,27,1,MASc KA 6 blocks,sa,112,112,7,1
sk_02,B76352,27,1,MASc KA 6 blocks,sa,112,112,7,1
fb_01,B76352,28,1,MASc KA 6 blocks,sa,112,112,7,1
fb_01,B76352,28,1,MASc KA 6 blocks,sa,112,112,7,1
fb_01,B76352,28,1,MASc KA 6 blocks,sa,112,112,7,1
fb_02,B76352,28,1,MASc KA 6 blocks,sa,112,112,7,1
fb_02,B76352,28,1,MASc KA 6 blocks,sa,112,112,7,1
fb_02,B76352,28,1,MASc KA 6 blocks,sa,112,112,7,1
ld_01,B77363,28,1,MASc KA 6 blocks,sa,112,112,7,1
ld_01,B77363,28,1,MASc KA 6 blocks,sa,112,112,7,1
ld_01,B77363,28,1,MASc KA 6 blocks,sa,112,112,7,1
pr_01,B74735,28,1,MASc KA 6 blocks,sa,112,112,7,1
pr_01,B74735,28,1,MASc KA 6 blocks,sa,112,112,7,1
pr_01,B77363,28,1,MASc KA 6 blocks,sa,112,112,7,1
sk_01,B76352,28,1,MASc KA 6 blocks,sa,112,112,7,1
sk_02,B76352,28,1,MASc KA 6 blocks,sa,112,112,7,1
fb_01,B74735,29,1,MASc KA 6 blocks,sa,112,112,7,1
fb_01,B74735,29,1,MASc KA 6 blocks,sa,112,112,7,1
fb_01,B76319,29,1,MASc KA 6 blocks,sa,112,112,7,1
fb_02,B74735,29,1,MASc KA 6 blocks,sa,112,112,7,1
fb_02,B74735,29,1,MASc KA 6 blocks,sa,112,112,7,1
fb_02,B77363,29,1,MASc KA 6 blocks,sa,112,112,7,1
fb_01,B76352,30,1,MASc KA 6 blocks,sa,112,112,7,1
fb_01,B77363,30,1,MASc KA 6 blocks,sa,112,112,7,1
fb_01,B77363,30,1,MASc KA 6 blocks,sa,112,112,7,1
fb_02,B74735,30,1,MASc KA 6 blocks,sa,112,112,7,1
fb_02,B74735,30,1,MASc KA 6 blocks,sa,112,112,7,1
fb_02,B74735,30,1,MASc KA 6 blocks,sa,112,112,7,1
sk_01,B74735,30,1,MASc KA 6 blocks,sa,112,112,7,1
sk_01,B77363,30,1,MASc KA 6 blocks,sa,112,112,7,1
sk_02,B77363,30,1,MASc KA 6 blocks,sa,112,112,7,1
fb_01,B76319,31,1,MASc KA 6 blocks,sa,112,112,7,1
fb_01,B76352,31,1,MASc KA 6 blocks,sa,112,112,7,1
fb_01,B77363,31,1,MASc KA 6 blocks,sa,112,112,7,1
fb_02,B74735,31,1,MASc KA 6 blocks,sa,112,112,7,1
fb_02,B74735,31,1,MASc KA 6 blocks,sa,112,112,7,1
fb_02,B76352,31,1,MASc KA 6 blocks,sa,112,112,7,1
pr_01,B74735,31,1,MASc KA 6 blocks,sa,112,112,7,1
pr_01,B77363,31,1,MASc KA 6 blocks,sa,112,112,7,1
sk_01,B74735,31,1,MASc KA 6 blocks,sa,112,112,7,1
sk_01,B77363,31,1,MASc KA 6 blocks,sa,112,112,7,1
sk_01,B77363,31,1,MASc KA 6 blocks,sa,112,112,7,1
sk_02,B74735,31,1,MASc KA 6 blocks,sa,112,112,7,1
sk_02,B77363,31,1,MASc KA 6 blocks,sa,112,112,7,1
sk_02,B77363,31,1,MASc KA 6 blocks,sa,112,112,7,1
fb_01,B74735,32,1,MASc KA 6 blocks,sa,112,112,7,1
fb_01,B76319,32,1,MASc KA 6 blocks,sa,112,112,7,1
fb_01,B77363,32,1,MASc KA 6 blocks,sa,112,112,7,1
fb_02,B74735,32,1,MASc KA 6 blocks,sa,112,112,7,1
fb_02,B74735,32,1,MASc KA 6 blocks,sa,112,112,7,1
fb_02,B77363,32,1,MASc KA 6 blocks,sa,112,112,7,1
ld_01,B77363,32,1,MASc KA 6 blocks,sa,112,112,7,1
pr_01,B77363,32,1,MASc KA 6 blocks,sa,112,112,7,1
pr_01,B77363,32,1,MASc KA 6 blocks,sa,112,112,7,1
pr_01,B77363,32,1,MASc KA 6 blocks,sa,112,112,7,1
sk_01,B74735,32,1,MASc KA 6 blocks,sa,112,112,7,1
sk_01,B77363,32,1,MASc KA 6 blocks,sa,112,112,7,1
sk_02,B76352,32,1,MASc KA 6 blocks,sa,112,112,7,1
sk_02,B77363,32,1,MASc KA 6 blocks,sa,112,112,7,1
fb_01,B76319,33,1,MASc KA 6 blocks,sa,112,112,7,1
fb_01,B76352,33,1,MASc KA 6 blocks,sa,112,112,7,1
fb_01,B76352,33,1,MASc KA 6 blocks,sa,112,112,7,1
fb_02,B74735,33,1,MASc KA 6 blocks,sa,112,112,7,1
fb_02,B76352,33,1,MASc KA 6 blocks,sa,112,112,7,1
fb_02,B76352,33,1,MASc KA 6 blocks,sa,112,112,7,1
ld_01,B77363,33,1,MASc KA 6 blocks,sa,112,112,7,1
ld_01,B77363,33,1,MASc KA 6 blocks,sa,112,112,7,1
ld_01,B77363,33,1,MASc KA 6 blocks,sa,112,112,7,1
pr_01,B74735,33,1,MASc KA 6 blocks,sa,112,112,7,1
pr_01,B77363,33,1,MASc KA 6 blocks,sa,112,112,7,1
pr_01,B77363,33,1,MASc KA 6 blocks,sa,112,112,7,1
sk_01,B74735,33,1,MASc KA 6 blocks,sa,112,112,7,1
sk_01,B76319,33,1,MASc KA 6 blocks,sa,112,112,7,1
sk_01,B77363,33,1,MASc KA 6 blocks,sa,112,112,7,1
sk_02,B77363,33,1,MASc KA 6 blocks,sa,112,112,7,1
sk_02,B77363,33,1,MASc KA 6 blocks,sa,112,112,7,1
sk_02,B77363,33,1,MASc KA 6 blocks,sa,112,112,7,1
fb_01,B76352,34,1,MASc KA 6 blocks,sa,112,112,7,1
fb_01,B76352,34,1,MASc KA 6 blocks,sa,112,112,7,1
fb_01,B76352,34,1,MASc KA 6 blocks,sa,112,112,7,1
fb_02,B76352,34,1,MASc KA 6 blocks,sa,112,112,7,1
fb_02,B76352,34,1,MASc KA 6 blocks,sa,112,112,7,1
fb_02,B76352,34,1,MASc KA 6 blocks,sa,112,112,7,1
ld_01,B74735,34,1,MASc KA 6 blocks,sa,112,112,7,1
ld_01,B77363,34,1,MASc KA 6 blocks,sa,112,112,7,1
ld_01,B77363,34,1,MASc KA 6 blocks,sa,112,112,7,1
pr_01,B74735,34,1,MASc KA 6 blocks,sa,112,112,7,1
pr_01,B77363,34,1,MASc KA 6 blocks,sa,112,112,7,1
pr_01,B77363,34,1,MASc KA 6 blocks,sa,112,112,7,1
sk_01,B74735,34,1,MASc KA 6 blocks,sa,112,112,7,1
sk_02,B76352,34,1,MASc KA 6 blocks,sa,112,112,7,1
fb_01,B76352,35,1,MASc KA 6 blocks,sa,112,112,7,1
fb_01,B76352,35,1,MASc KA 6 blocks,sa,112,112,7,1
fb_01,B76352,35,1,MASc KA 6 blocks,sa,112,112,7,1
fb_02,B76352,35,1,MASc KA 6 blocks,sa,112,112,7,1
fb_02,B77363,35,1,MASc KA 6 blocks,sa,112,112,7,1
fb_02,B77363,35,1,MASc KA 6 blocks,sa,112,112,7,1
ld_01,B77363,35,1,MASc KA 6 blocks,sa,112,112,7,1
ld_01,B77363,35,1,MASc KA 6 blocks,sa,112,112,7,1
pr_01,B74735,35,1,MASc KA 6 blocks,sa,112,112,7,1
pr_01,B74735,35,1,MASc KA 6 blocks,sa,112,112,7,1
pr_01,B74735,35,1,MASc KA 6 blocks,sa,112,112,7,1
sk_01,B76352,35,1,MASc KA 6 blocks,sa,112,112,7,1
sk_02,B76352,35,1,MASc KA 6 blocks,sa,112,112,7,1
fb_01,B77363,36,1,MASc KA 6 blocks,sa,112,112,7,1
fb_01,B77363,36,1,MASc KA 6 blocks,sa,112,112,7,1
fb_01,B77363,36,1,MASc KA 6 blocks,sa,112,112,7,1
fb_02,B74735,36,1,MASc KA 6 blocks,sa,112,112,7,1
fb_02,B74735,36,1,MASc KA 6 blocks,sa,112,112,7,1
fb_02,B74735,36,1,MASc KA 6 blocks,sa,112,112,7,1
fb_01,B77300,37,1,MASc KA 6 blocks,sa,112,112,7,1
fb_01,B77363,37,1,MASc KA 6 blocks,sa,112,112,7,1
fb_01,B77363,37,1,MASc KA 6 blocks,sa,112,112,7,1
fb_02,B74735,37,1,MASc KA 6 blocks,sa,112,112,7,1
fb_02,B74735,37,1,MASc KA 6 blocks,sa,112,112,7,1
fb_02,B74735,37,1,MASc KA 6 blocks,sa,112,112,7,1
sk_01,B74735,37,1,MASc KA 6 blocks,sa,112,112,7,1
sk_01,B77363,37,1,MASc KA 6 blocks,sa,112,112,7,1
sk_01,B77363,37,1,MASc KA 6 blocks,sa,112,112,7,1
sk_02,B77363,37,1,MASc KA 6 blocks,sa,112,112,7,1
sk_02,B77363,37,1,MASc KA 6 blocks,sa,112,112,7,1
sk_02,B77363,37,1,MASc KA 6 blocks,sa,112,112,7,1
fb_01,B76352,38,1,MASc KA 6 blocks,sa,112,112,7,1
fb_01,B77363,38,1,MASc KA 6 blocks,sa,112,112,7,1
fb_01,B77363,38,1,MASc KA 6 blocks,sa,112,112,7,1
fb_02,B74735,38,1,MASc KA 6 blocks,sa,112,112,7,1
fb_02,B74735,38,1,MASc KA 6 blocks,sa,112,112,7,1
fb_02,B74735,38,1,MASc KA 6 blocks,sa,112,112,7,1
pr_01,B77363,38,1,MASc KA 6 blocks,sa,112,112,7,1
pr_01,B77363,38,1,MASc KA 6 blocks,sa,112,112,7,1
pr_01,B77363,38,1,MASc KA 6 blocks,sa,112,112,7,1
sk_01,B74735,38,1,MASc KA 6 blocks,sa,112,112,7,1
sk_01,B77363,38,1,MASc KA 6 blocks,sa,112,112,7,1
sk_01,B77363,38,1,MASc KA 6 blocks,sa,112,112,7,1
sk_02,B77363,38,1,MASc KA 6 blocks,sa,112,112,7,1
sk_02,B77363,38,1,MASc KA 6 blocks,sa,112,112,7,1
sk_02,B77363,38,1,MASc KA 6 blocks,sa,112,112,7,1
fb_01,B74735,39,1,MASc KA 6 blocks,sa,112,112,7,1
fb_01,B74735,39,1,MASc KA 6 blocks,sa,112,112,7,1
fb_01,B76319,39,1,MASc KA 6 blocks,sa,112,112,7,1
fb_02,B74735,39,1,MASc KA 6 blocks,sa,112,112,7,1
fb_02,B74735,39,1,MASc KA 6 blocks,sa,112,112,7,1
fb_02,B74735,39,1,MASc KA 6 blocks,sa,112,112,7,1
ld_01,B77363,39,1,MASc KA 6 blocks,sa,112,112,7,1
ld_01,B77363,39,1,MASc KA 6 blocks,sa,112,112,7,1
ld_01,B77363,39,1,MASc KA 6 blocks,sa,112,112,7,1
pr_01,B77363,39,1,MASc KA 6 blocks,sa,112,112,7,1
pr_01,B77363,39,1,MASc KA 6 blocks,sa,112,112,7,1
pr_01,B77363,39,1,MASc KA 6 blocks,sa,112,112,7,1
sk_01,B77363,39,1,MASc KA 6 blocks,sa,112,112,7,1
sk_01,B77363,39,1,MASc KA 6 blocks,sa,112,112,7,1
sk_01,B77363,39,1,MASc KA 6 blocks,sa,112,112,7,1
sk_02,B74735,39,1,MASc KA 6 blocks,sa,112,112,7,1
sk_02,B77363,39,1,MASc KA 6 blocks,sa,112,112,7,1
sk_02,B77363,39,1,MASc KA 6 blocks,sa,112,112,7,1
fb_01,B76352,40,1,MASc KA 6 blocks,sa,112,112,7,1
fb_01,B76352,40,1,MASc KA 6 blocks,sa,112,112,7,1
fb_01,B76352,40,1,MASc KA 6 blocks,sa,112,112,7,1
fb_02,B76352,40,1,MASc KA 6 blocks,sa,112,112,7,1
fb_02,B76352,40,1,MASc KA 6 blocks,sa,112,112,7,1
fb_02,B76352,40,1,MASc KA 6 blocks,sa,112,112,7,1
ld_01,B77363,40,1,MASc KA 6 blocks,sa,112,112,7,1
ld_01,B77363,40,1,MASc KA 6 blocks,sa,112,112,7,1
ld_01,B77363,40,1,MASc KA 6 blocks,sa,112,112,7,1
pr_01,B77363,40,1,MASc KA 6 blocks,sa,112,112,7,1
pr_01,B77363,40,1,MASc KA 6 blocks,sa,112,112,7,1
pr_01,B77363,40,1,MASc KA 6 blocks,sa,112,112,7,1
sk_01,B74735,40,1,MASc KA 6 blocks,sa,112,112,7,1
sk_01,B74735,40,1,MASc KA 6 blocks,sa,112,112,7,1
sk_02,B74735,40,1,MASc KA 6 blocks,sa,112,112,7,1
sk_02,B74735,40,1,MASc KA 6 blocks,sa,112,112,7,1
fb_01,B76352,41,1,MASc KA 6 blocks,sa,112,112,7,1
fb_01,B76352,41,1,MASc KA 6 blocks,sa,112,112,7,1
fb_01,B76352,41,1,MASc KA 6 blocks,sa,112,112,7,1
fb_02,B76352,41,1,MASc KA 6 blocks,sa,112,112,7,1
fb_02,B76352,41,1,MASc KA 6 blocks,sa,112,112,7,1
fb_02,B76352,41,1,MASc KA 6 blocks,sa,112,112,7,1
ld_01,B77363,41,1,MASc KA 6 blocks,sa,112,112,7,1
ld_01,B77363,41,1,MASc KA 6 blocks,sa,112,112,7,1
ld_01,B77363,41,1,MASc KA 6 blocks,sa,112,112,7,1
pr_01,B77363,41,1,MASc KA 6 blocks,sa,112,112,7,1
pr_01,B77363,41,1,MASc KA 6 blocks,sa,112,112,7,1
pr_01,B77363,41,1,MASc KA 6 blocks,sa,112,112,7,1
sk_01,B76352,41,1,MASc KA 6 blocks,sa,112,112,7,1
sk_02,B76352,41,1,MASc KA 6 blocks,sa,112,112,7,1
fb_01,B76352,42,1,MASc KA 6 blocks,sa,112,112,7,1
fb_01,B76352,42,1,MASc KA 6 blocks,sa,112,112,7,1
fb_01,B76352,42,1,MASc KA 6 blocks,sa,112,112,7,1
fb_02,B76352,42,1,MASc KA 6 blocks,sa,112,112,7,1
fb_02,B76352,42,1,MASc KA 6 blocks,sa,112,112,7,1
fb_02,B77363,42,1,MASc KA 6 blocks,sa,112,112,7,1
ld_01,B77363,42,1,MASc KA 6 blocks,sa,112,112,7,1
ld_01,B77363,42,1,MASc KA 6 blocks,sa,112,112,7,1
ld_01,B77363,42,1,MASc KA 6 blocks,sa,112,112,7,1
pr_01,B74735,42,1,MASc KA 6 blocks,sa,112,112,7,1
pr_01,B74735,42,1,MASc KA 6 blocks,sa,112,112,7,1
pr_01,B77363,42,1,MASc KA 6 blocks,sa,112,112,7,1
sk_01,B76352,42,1,MASc KA 6 blocks,sa,112,112,7,1
sk_02,B76352,42,1,MASc KA 6 blocks,sa,112,112,7,1
fb_01,B76319,43,1,MASc KA 6 blocks,sa,112,112,7,1
fb_01,B77363,43,1,MASc KA 6 blocks,sa,112,112,7,1
fb_01,B77363,43,1,MASc KA 6 blocks,sa,112,112,7,1
fb_02,B74735,43,1,MASc KA 6 blocks,sa,112,112,7,1
fb_02,B74735,43,1,MASc KA 6 blocks,sa,112,112,7,1
fb_02,B77363,43,1,MASc KA 6 blocks,sa,112,112,7,1
fb_01,B77363,44,1,MASc KA 6 blocks,sa,112,112,7,1
fb_01,B77363,44,1,MASc KA 6 blocks,sa,112,112,7,1
fb_01,B77363,44,1,MASc KA 6 blocks,sa,112,112,7,1
fb_02,B74735,44,1,MASc KA 6 blocks,sa,112,112,7,1
fb_02,B76319,44,1,MASc KA 6 blocks,sa,112,112,7,1
fb_02,B77252,44,1,MASc KA 6 blocks,sa,112,112,7,1
sk_01,B77363,44,1,MASc KA 6 blocks,sa,112,112,7,1
sk_01,B77363,44,1,MASc KA 6 blocks,sa,112,112,7,1
sk_01,B77363,44,1,MASc KA 6 blocks,sa,112,112,7,1
sk_02,B77363,44,1,MASc KA 6 blocks,sa,112,112,7,1
sk_02,B77363,44,1,MASc KA 6 blocks,sa,112,112,7,1
sk_02,B77363,44,1,MASc KA 6 blocks,sa,112,112,7,1
fb_01,B74735,45,1,MASc KA 6 blocks,sa,112,112,7,1
fb_01,B76352,45,1,MASc KA 6 blocks,sa,112,112,7,1
fb_01,B77363,45,1,MASc KA 6 blocks,sa,112,112,7,1
fb_02,B74735,45,1,MASc KA 6 blocks,sa,112,112,7,1
fb_02,B74735,45,1,MASc KA 6 blocks,sa,112,112,7,1
fb_02,B74735,45,1,MASc KA 6 blocks,sa,112,112,7,1
pr_01,B77363,45,1,MASc KA 6 blocks,sa,112,112,7,1
pr_01,B77363,45,1,MASc KA 6 blocks,sa,112,112,7,1
pr_01,B77363,45,1,MASc KA 6 blocks,sa,112,112,7,1
sk_01,B74735,45,1,MASc KA 6 blocks,sa,112,112,7,1
sk_01,B77363,45,1,MASc KA 6 blocks,sa,112,112,7,1
sk_01,B77363,45,1,MASc KA 6 blocks,sa,112,112,7,1
sk_02,B77363,45,1,MASc KA 6 blocks,sa,112,112,7,1
sk_02,B77363,45,1,MASc KA 6 blocks,sa,112,112,7,1
sk_02,B77363,45,1,MASc KA 6 blocks,sa,112,112,7,1
fb_01,B74735,46,1,MASc KA 6 blocks,sa,112,112,7,1
fb_01,B76319,46,1,MASc KA 6 blocks,sa,112,112,7,1
fb_01,B76352,46,1,MASc KA 6 blocks,sa,112,112,7,1
fb_02,B74735,46,1,MASc KA 6 blocks,sa,112,112,7,1
fb_02,B74735,46,1,MASc KA 6 blocks,sa,112,112,7,1
fb_02,B76352,46,1,MASc KA 6 blocks,sa,112,112,7,1
ld_01,B77363,46,1,MASc KA 6 blocks,sa,112,112,7,1
ld_01,B77363,46,1,MASc KA 6 blocks,sa,112,112,7,1
ld_01,B77363,46,1,MASc KA 6 blocks,sa,112,112,7,1
pr_01,B77363,46,1,MASc KA 6 blocks,sa,112,112,7,1
pr_01,B77363,46,1,MASc KA 6 blocks,sa,112,112,7,1
pr_01,B77363,46,1,MASc KA 6 blocks,sa,112,112,7,1
sk_01,B74735,46,1,MASc KA 6 blocks,sa,112,112,7,1
sk_01,B77363,46,1,MASc KA 6 blocks,sa,112,112,7,1
sk_01,B77363,46,1,MASc KA 6 blocks,sa,112,112,7,1
sk_02,B74735,46,1,MASc KA 6 blocks,sa,112,112,7,1
sk_02,B77363,46,1,MASc KA 6 blocks,sa,112,112,7,1
sk_02,B77363,46,1,MASc KA 6 blocks,sa,112,112,7,1
fb_01,B76352,47,1,MASc KA 6 blocks,sa,112,112,7,1
fb_01,B76352,47,1,MASc KA 6 blocks,sa,112,112,7,1
fb_01,B76352,47,1,MASc KA 6 blocks,sa,112,112,7,1
fb_02,B76319,47,1,MASc KA 6 blocks,sa,112,112,7,1
fb_02,B76352,47,1,MASc KA 6 blocks,sa,112,112,7,1
fb_02,B76352,47,1,MASc KA 6 blocks,sa,112,112,7,1
ld_01,B77363,47,1,MASc KA 6 blocks,sa,112,112,7,1
ld_01,B77363,47,1,MASc KA 6 blocks,sa,112,112,7,1
ld_01,B77363,47,1,MASc KA 6 blocks,sa,112,112,7,1
pr_01,B77363,47,1,MASc KA 6 blocks,sa,112,112,7,1
pr_01,B77363,47,1,MASc KA 6 blocks,sa,112,112,7,1
pr_01,B77363,47,1,MASc KA 6 blocks,sa,112,112,7,1
sk_01,B74735,47,1,MASc KA 6 blocks,sa,112,112,7,1
sk_01,B76319,47,1,MASc KA 6 blocks,sa,112,112,7,1
sk_02,B76352,47,1,MASc KA 6 blocks,sa,112,112,7,1
fb_01,B76319,48,1,MASc KA 6 blocks,sa,112,112,7,1
fb_01,B76352,48,1,MASc KA 6 blocks,sa,112,112,7,1
fb_01,B76352,48,1,MASc KA 6 blocks,sa,112,112,7,1
fb_02,B76352,48,1,MASc KA 6 blocks,sa,112,112,7,1
fb_02,B76352,48,1,MASc KA 6 blocks,sa,112,112,7,1
fb_02,B76352,48,1,MASc KA 6 blocks,sa,112,112,7,1
ld_01,B77363,48,1,MASc KA 6 blocks,sa,112,112,7,1
ld_01,B77363,48,1,MASc KA 6 blocks,sa,112,112,7,1
ld_01,B77363,48,1,MASc KA 6 blocks,sa,112,112,7,1
pr_01,B74735,48,1,MASc KA 6 blocks,sa,112,112,7,1
pr_01,B77363,48,1,MASc KA 6 blocks,sa,112,112,7,1
pr_01,B77363,48,1,MASc KA 6 blocks,sa,112,112,7,1
sk_01,B76352,48,1,MASc KA 6 blocks,sa,112,112,7,1
fb_01,B76352,49,1,MASc KA 6 blocks,sa,112,112,7,1
fb_01,B76352,49,1,MASc KA 6 blocks,sa,112,112,7,1
fb_01,B76352,49,1,MASc KA 6 blocks,sa,112,112,7,1
fb_02,B76352,49,1,MASc KA 6 blocks,sa,112,112,7,1
fb_02,B76352,49,1,MASc KA 6 blocks,sa,112,112,7,1
fb_02,B77252,49,1,MASc KA 6 blocks,sa,112,112,7,1
ld_01,B77363,49,1,MASc KA 6 blocks,sa,112,112,7,1
ld_01,B77363,49,1,MASc KA 6 blocks,sa,112,112,7,1
pr_01,B74735,49,1,MASc KA 6 blocks,sa,112,112,7,1
pr_01,B77363,49,1,MASc KA 6 blocks,sa,112,112,7,1
pr_01,B77363,49,1,MASc KA 6 blocks,sa,112,112,7,1
sk_01,B76352,49,1,MASc KA 6 blocks,sa,112,112,7,1
sk_02,B76352,49,1,MASc KA 6 blocks,sa,112,112,7,1
fb_01,B76352,50,1,MASc KA 6 blocks,sa,112,112,7,1
fb_01,B77363,50,1,MASc KA 6 blocks,sa,112,112,7,1
fb_01,B77363,50,1,MASc KA 6 blocks,sa,112,112,7,1
fb_02,B76319,50,1,MASc KA 6 blocks,sa,112,112,7,1
fb_02,B77363,50,1,MASc KA 6 blocks,sa,112,112,7,1
fb_02,B77363,50,1,MASc KA 6 blocks,sa,112,112,7,1
fb_01,B76352,51,1,MASc KA 6 blocks,sa,112,112,7,1
fb_01,B77363,51,1,MASc KA 6 blocks,sa,112,112,7,1
fb_01,B77363,51,1,MASc KA 6 blocks,sa,112,112,7,1
fb_02,B74735,51,1,MASc KA 6 blocks,sa,112,112,7,1
fb_02,B74735,51,1,MASc KA 6 blocks,sa,112,112,7,1
fb_02,B77300,51,1,MASc KA 6 blocks,sa,112,112,7,1
sk_01,B77363,51,1,MASc KA 6 blocks,sa,112,112,7,1
sk_01,B77363,51,1,MASc KA 6 blocks,sa,112,112,7,1
sk_01,B77363,51,1,MASc KA 6 blocks,sa,112,112,7,1
sk_02,B77363,51,1,MASc KA 6 blocks,sa,112,112,7,1
sk_02,B77363,51,1,MASc KA 6 blocks,sa,112,112,7,1
sk_02,B77363,51,1,MASc KA 6 blocks,sa,112,112,7,1
fb_01,B74735,52,1,MASc KA 6 blocks,sa,112,112,7,1
fb_01,B74735,52,1,MASc KA 6 blocks,sa,112,112,7,1
fb_01,B74735,52,1,MASc KA 6 blocks,sa,112,112,7,1
fb_02,B74735,52,1,MASc KA 6 blocks,sa,112,112,7,1
fb_02,B74735,52,1,MASc KA 6 blocks,sa,112,112,7,1
fb_02,B74735,52,1,MASc KA 6 blocks,sa,112,112,7,1
pr_01,B77363,52,1,MASc KA 6 blocks,sa,112,112,7,1
pr_01,B77363,52,1,MASc KA 6 blocks,sa,112,112,7,1
pr_01,B77363,52,1,MASc KA 6 blocks,sa,112,112,7,1
sk_01,B77363,52,1,MASc KA 6 blocks,sa,112,112,7,1
sk_01,B77363,52,1,MASc KA 6 blocks,sa,112,112,7,1
sk_01,B77363,52,1,MASc KA 6 blocks,sa,112,112,7,1
sk_02,B77363,52,1,MASc KA 6 blocks,sa,112,112,7,1
sk_02,B77363,52,1,MASc KA 6 blocks,sa,112,112,7,1
sk_02,B77363,52,1,MASc KA 6 blocks,sa,112,112,7,1
fb_01,B74735,53,1,MASc KA 6 blocks,sa,112,112,7,1
fb_01,B74735,53,1,MASc KA 6 blocks,sa,112,112,7,1
fb_01,B74735,53,1,MASc KA 6 blocks,sa,112,112,7,1
fb_02,B74735,53,1,MASc KA 6 blocks,sa,112,112,7,1
fb_02,B74735,53,1,MASc KA 6 blocks,sa,112,112,7,1
fb_02,B74735,53,1,MASc KA 6 blocks,sa,112,112,7,1
ld_01,B77363,53,1,MASc KA 6 blocks,sa,112,112,7,1
ld_01,B77363,53,1,MASc KA 6 blocks,sa,112,112,7,1
ld_01,B77363,53,1,MASc KA 6 blocks,sa,112,112,7,1
pr_01,B77363,53,1,MASc KA 6 blocks,sa,112,112,7,1
pr_01,B77363,53,1,MASc KA 6 blocks,sa,112,112,7,1
pr_01,B77363,53,1,MASc KA 6 blocks,sa,112,112,7,1
sk_01,B74735,53,1,MASc KA 6 blocks,sa,112,112,7,1
sk_01,B74735,53,1,MASc KA 6 blocks,sa,112,112,7,1
sk_02,B74735,53,1,MASc KA 6 blocks,sa,112,112,7,1
fb_01,B76352,54,1,MASc KA 6 blocks,sa,112,112,7,1
fb_01,B76352,54,1,MASc KA 6 blocks,sa,112,112,7,1
fb_01,B76352,54,1,MASc KA 6 blocks,sa,112,112,7,1
fb_02,B76319,54,1,MASc KA 6 blocks,sa,112,112,7,1
fb_02,B76352,54,1,MASc KA 6 blocks,sa,112,112,7,1
fb_02,B76352,54,1,MASc KA 6 blocks,sa,112,112,7,1
ld_01,B77363,54,1,MASc KA 6 blocks,sa,112,112,7,1
ld_01,B77363,54,1,MASc KA 6 blocks,sa,112,112,7,1
ld_01,B77363,54,1,MASc KA 6 blocks,sa,112,112,7,1
pr_01,B77363,54,1,MASc KA 6 blocks,sa,112,112,7,1
pr_01,B77363,54,1,MASc KA 6 blocks,sa,112,112,7,1
pr_01,B77363,54,1,MASc KA 6 blocks,sa,112,112,7,1
sk_01,B74735,54,1,MASc KA 6 blocks,sa,112,112,7,1
sk_01,B74735,54,1,MASc KA 6 blocks,sa,112,112,7,1
sk_02,B74735,54,1,MASc KA 6 blocks,sa,112,112,7,1
sk_02,B74735,54,1,MASc KA 6 blocks,sa,112,112,7,1
fb_01,B76352,55,1,MASc KA 6 blocks,sa,112,112,7,1
fb_01,B76352,55,1,MASc KA 6 blocks,sa,112,112,7,1
fb_01,B76352,55,1,MASc KA 6 blocks,sa,112,112,7,1
fb_02,B76352,55,1,MASc KA 6 blocks,sa,112,112,7,1
fb_02,B76352,55,1,MASc KA 6 blocks,sa,112,112,7,1
fb_02,B76352,55,1,MASc KA 6 blocks,sa,112,112,7,1
ld_01,B77363,55,1,MASc KA 6 blocks,sa,112,112,7,1
ld_01,B77363,55,1,MASc KA 6 blocks,sa,112,112,7,1
ld_01,B77363,55,1,MASc KA 6 blocks,sa,112,112,7,1
pr_01,B74735,55,1,MASc KA 6 blocks,sa,112,112,7,1
pr_01,B74735,55,1,MASc KA 6 blocks,sa,112,112,7,1
pr_01,B77363,55,1,MASc KA 6 blocks,sa,112,112,7,1
sk_01,B76352,55,1,MASc KA 6 blocks,sa,112,112,7,1
sk_02,B76352,55,1,MASc KA 6 blocks,sa,112,112,7,1
fb_01,B76352,56,1,MASc KA 6 blocks,sa,112,112,7,1
fb_01,B76352,56,1,MASc KA 6 blocks,sa,112,112,7,1
fb_01,B76352,56,1,MASc KA 6 blocks,sa,112,112,7,1
fb_02,B76319,56,1,MASc KA 6 blocks,sa,112,112,7,1
fb_02,B76352,56,1,MASc KA 6 blocks,sa,112,112,7,1
fb_02,B76352,56,1,MASc KA 6 blocks,sa,112,112,7,1
ld_01,B74735,56,1,MASc KA 6 blocks,sa,112,112,7,1
ld_01,B77363,56,1,MASc KA 6 blocks,sa,112,112,7,1
pr_01,B74735,56,1,MASc KA 6 blocks,sa,112,112,7,1
pr_01,B74735,56,1,MASc KA 6 blocks,sa,112,112,7,1
pr_01,B74735,56,1,MASc KA 6 blocks,sa,112,112,7,1
sk_01,B76352,56,1,MASc KA 6 blocks,sa,112,112,7,1
sk_02,B76352,56,1,MASc KA 6 blocks,sa,112,112,7,1
fb_01,B76352,57,1,MASc KA 6 blocks,sa,112,112,7,1
fb_01,B77363,57,1,MASc KA 6 blocks,sa,112,112,7,1
fb_01,B77363,57,1,MASc KA 6 blocks,sa,112,112,7,1
fb_02,B76319,57,1,MASc KA 6 blocks,sa,112,112,7,1
fb_02,B76352,57,1,MASc KA 6 blocks,sa,112,112,7,1
fb_02,B77363,57,1,MASc KA 6 blocks,sa,112,112,7,1
fb_01,B76319,58,1,MASc KA 6 blocks,sa,112,112,7,1
fb_01,B76352,58,1,MASc KA 6 blocks,sa,112,112,7,1
fb_01,B76352,58,1,MASc KA 6 blocks,sa,112,112,7,1
fb_02,B74735,58,1,MASc KA 6 blocks,sa,112,112,7,1
fb_02,B74735,58,1,MASc KA 6 blocks,sa,112,112,7,1
fb_02,B76352,58,1,MASc KA 6 blocks,sa,112,112,7,1
sk_01,B77363,58,1,MASc KA 6 blocks,sa,112,112,7,1
sk_01,B77363,58,1,MASc KA 6 blocks,sa,112,112,7,1
sk_01,B77363,58,1,MASc KA 6 blocks,sa,112,112,7,1
sk_02,B77363,58,1,MASc KA 6 blocks,sa,112,112,7,1
sk_02,B77363,58,1,MASc KA 6 blocks,sa,112,112,7,1
sk_02,B77363,58,1,MASc KA 6 blocks,sa,112,112,7,1
fb_01,B74735,59,1,MASc KA 6 blocks,sa,112,112,7,1
fb_01,B74735,59,1,MASc KA 6 blocks,sa,112,112,7,1
fb_01,B74735,59,1,MASc KA 6 blocks,sa,112,112,7,1
fb_02,B74735,59,1,MASc KA 6 blocks,sa,112,112,7,1
fb_02,B76319,59,1,MASc KA 6 blocks,sa,112,112,7,1
fb_02,B77252,59,1,MASc KA 6 blocks,sa,112,112,7,1
pr_01,B77363,59,1,MASc KA 6 blocks,sa,112,112,7,1
pr_01,B77363,59,1,MASc KA 6 blocks,sa,112,112,7,1
pr_01,B77363,59,1,MASc KA 6 blocks,sa,112,112,7,1
sk_01,B76352,59,1,MASc KA 6 blocks,sa,112,112,7,1
fb_01,B74735,60,1,MASc KA 6 blocks,sa,112,112,7,1
fb_01,B74735,60,1,MASc KA 6 blocks,sa,112,112,7,1
fb_01,B74735,60,1,MASc KA 6 blocks,sa,112,112,7,1
fb_02,B74735,60,1,MASc KA 6 blocks,sa,112,112,7,1
fb_02,B74735,60,1,MASc KA 6 blocks,sa,112,112,7,1
fb_02,B77363,60,1,MASc KA 6 blocks,sa,112,112,7,1
ld_01,B77363,60,1,MASc KA 6 blocks,sa,112,112,7,1
ld_01,B77363,60,1,MASc KA 6 blocks,sa,112,112,7,1
ld_01,B77363,60,1,MASc KA 6 blocks,sa,112,112,7,1
pr_01,B76352,60,1,MASc KA 6 blocks,sa,112,112,7,1
pr_01,B77363,60,1,MASc KA 6 blocks,sa,112,112,7,1
pr_01,B77363,60,1,MASc KA 6 blocks,sa,112,112,7,1
sk_01,B74735,60,1,MASc KA 6 blocks,sa,112,112,7,1
sk_01,B76319,60,1,MASc KA 6 blocks,sa,112,112,7,1
sk_02,B74735,60,1,MASc KA 6 blocks,sa,112,112,7,1
fb_01,B76352,61,1,MASc KA 6 blocks,sa,112,112,7,1
fb_01,B76352,61,1,MASc KA 6 blocks,sa,112,112,7,1
fb_01,B77363,61,1,MASc KA 6 blocks,sa,112,112,7,1
fb_02,B76352,61,1,MASc KA 6 blocks,sa,112,112,7,1
fb_02,B76352,61,1,MASc KA 6 blocks,sa,112,112,7,1
fb_02,B77363,61,1,MASc KA 6 blocks,sa,112,112,7,1
ld_01,B77363,61,1,MASc KA 6 blocks,sa,112,112,7,1
ld_01,B77363,61,1,MASc KA 6 blocks,sa,112,112,7,1
pr_01,B74735,61,1,MASc KA 6 blocks,sa,112,112,7,1
pr_01,B74735,61,1,MASc KA 6 blocks,sa,112,112,7,1
pr_01,B74735,61,1,MASc KA 6 blocks,sa,112,112,7,1
sk_01,B74735,61,1,MASc KA 6 blocks,sa,112,112,7,1
sk_01,B74735,61,1,MASc KA 6 blocks,sa,112,112,7,1
sk_01,B77363,61,1,MASc KA 6 blocks,sa,112,112,7,1
sk_02,B74735,61,1,MASc KA 6 blocks,sa,112,112,7,1
sk_02,B77363,61,1,MASc KA 6 blocks,sa,112,112,7,1
fb_01,B74735,62,1,MASc KA 6 blocks,sa,112,112,7,1
fb_01,B76319,62,1,MASc KA 6 blocks,sa,112,112,7,1
fb_01,B76352,62,1,MASc KA 6 blocks,sa,112,112,7,1
fb_02,B76352,62,1,MASc KA 6 blocks,sa,112,112,7,1
fb_02,B76352,62,1,MASc KA 6 blocks,sa,112,112,7,1
fb_02,B77363,62,1,MASc KA 6 blocks,sa,112,112,7,1
ld_01,B74735,62,1,MASc KA 6 blocks,sa,112,112,7,1
pr_01,B74735,62,1,MASc KA 6 blocks,sa,112,112,7,1
pr_01,B74735,62,1,MASc KA 6 blocks,sa,112,112,7,1
pr_01,B77363,62,1,MASc KA 6 blocks,sa,112,112,7,1
sk_01,B76352,62,1,MASc KA 6 blocks,sa,112,112,7,1
sk_01,B77363,62,1,MASc KA 6 blocks,sa,112,112,7,1
sk_01,B77363,62,1,MASc KA 6 blocks,sa,112,112,7,1
sk_02,B76352,62,1,MASc KA 6 blocks,sa,112,112,7,1
sk_02,B77363,62,1,MASc KA 6 blocks,sa,112,112,7,1
sk_02,B77363,62,1,MASc KA 6 blocks,sa,112,112,7,1
fb_01,B76319,63,1,MASc KA 6 blocks,sa,112,112,7,1
fb_01,B76319,63,1,MASc KA 6 blocks,sa,112,112,7,1
fb_01,B76352,63,1,MASc KA 6 blocks,sa,112,112,7,1
fb_02,B74735,63,1,MASc KA 6 blocks,sa,112,112,7,1
fb_02,B76352,63,1,MASc KA 6 blocks,sa,112,112,7,1
fb_02,B77363,63,1,MASc KA 6 blocks,sa,112,112,7,1
ld_01,B74735,63,1,MASc KA 6 blocks,sa,112,112,7,1
ld_01,B74735,63,1,MASc KA 6 blocks,sa,112,112,7,1
ld_01,B77363,63,1,MASc KA 6 blocks,sa,112,112,7,1
pr_01,B74735,63,1,MASc KA 6 blocks,sa,112,112,7,1
pr_01,B74735,63,1,MASc KA 6 blocks,sa,112,112,7,1
pr_01,B77363,63,1,MASc KA 6 blocks,sa,112,112,7,1
sk_01,B77363,63,1,MASc KA 6 blocks,sa,112,112,7,1
sk_01,B77363,63,1,MASc KA 6 blocks,sa,112,112,7,1
sk_02,B76352,63,1,MASc KA 6 blocks,sa,112,112,7,1
sk_02,B77363,63,1,MASc KA 6 blocks,sa,112,112,7,1
fb_01,B76319,64,1,MASc KA 6 blocks,sa,112,112,7,1
fb_01,B76319,64,1,MASc KA 6 blocks,sa,112,112,7,1
fb_01,B77363,64,1,MASc KA 6 blocks,sa,112,112,7,1
fb_02,B76319,64,1,MASc KA 6 blocks,sa,112,112,7,1
fb_02,B76319,64,1,MASc KA 6 blocks,sa,112,112,7,1
fb_02,B76319,64,1,MASc KA 6 blocks,sa,112,112,7,1
fb_01,B76352,65,1,MASc KA 6 blocks,sa,112,112,7,1
fb_01,B77363,65,1,MASc KA 6 blocks,sa,112,112,7,1
fb_01,B77363,65,1,MASc KA 6 blocks,sa,112,112,7,1
fb_02,B74735,65,1,MASc KA 6 blocks,sa,112,112,7,1
fb_02,B74735,65,1,MASc KA 6 blocks,sa,112,112,7,1
fb_02,B77363,65,1,MASc KA 6 blocks,sa,112,112,7,1
sk_01,B76319,65,1,MASc KA 6 blocks,sa,112,112,7,1
sk_01,B77363,65,1,MASc KA 6 blocks,sa,112,112,7,1
sk_02,B77363,65,1,MASc KA 6 blocks,sa,112,112,7,1
fb_01,B74735,66,1,MASc KA 6 blocks,sa,112,112,7,1
fb_01,B77363,66,1,MASc KA 6 blocks,sa,112,112,7,1
fb_01,B77363,66,1,MASc KA 6 blocks,sa,112,112,7,1
fb_02,B74735,66,1,MASc KA 6 blocks,sa,112,112,7,1
fb_02,B76352,66,1,MASc KA 6 blocks,sa,112,112,7,1
fb_02,B77363,66,1,MASc KA 6 blocks,sa,112,112,7,1
pr_01,B76319,66,1,MASc KA 6 blocks,sa,112,112,7,1
pr_01,B77363,66,1,MASc KA 6 blocks,sa,112,112,7,1
sk_01,B77363,66,1,MASc KA 6 blocks,sa,112,112,7,1
sk_01,B77363,66,1,MASc KA 6 blocks,sa,112,112,7,1
sk_01,B77363,66,1,MASc KA 6 blocks,sa,112,112,7,1
sk_02,B77363,66,1,MASc KA 6 blocks,sa,112,112,7,1
sk_02,B77363,66,1,MASc KA 6 blocks,sa,112,112,7,1
sk_02,B77363,66,1,MASc KA 6 blocks,sa,112,112,7,1
fb_01,B74735,67,1,MASc KA 6 blocks,sa,112,112,7,1
fb_01,B74735,67,1,MASc KA 6 blocks,sa,112,112,7,1
fb_01,B76319,67,1,MASc KA 6 blocks,sa,112,112,7,1
fb_02,B74735,67,1,MASc KA 6 blocks,sa,112,112,7,1
fb_02,B74735,67,1,MASc KA 6 blocks,sa,112,112,7,1
fb_02,B74735,67,1,MASc KA 6 blocks,sa,112,112,7,1
ld_01,B77363,67,1,MASc KA 6 blocks,sa,112,112,7,1
pr_01,B77363,67,1,MASc KA 6 blocks,sa,112,112,7,1
pr_01,B77363,67,1,MASc KA 6 blocks,sa,112,112,7,1
pr_01,B77363,67,1,MASc KA 6 blocks,sa,112,112,7,1
sk_01,B74735,67,1,MASc KA 6 blocks,sa,112,112,7,1
sk_01,B77363,67,1,MASc KA 6 blocks,sa,112,112,7,1
sk_01,B77363,67,1,MASc KA 6 blocks,sa,112,112,7,1
sk_02,B77363,67,1,MASc KA 6 blocks,sa,112,112,7,1
sk_02,B77363,67,1,MASc KA 6 blocks,sa,112,112,7,1
sk_02,B77363,67,1,MASc KA 6 blocks,sa,112,112,7,1
fb_01,B74735,68,1,MASc KA 6 blocks,sa,112,112,7,1
fb_01,B76319,68,1,MASc KA 6 blocks,sa,112,112,7,1
fb_01,B76352,68,1,MASc KA 6 blocks,sa,112,112,7,1
fb_02,B76352,68,1,MASc KA 6 blocks,sa,112,112,7,1
fb_02,B76352,68,1,MASc KA 6 blocks,sa,112,112,7,1
fb_02,B76352,68,1,MASc KA 6 blocks,sa,112,112,7,1
ld_01,B77363,68,1,MASc KA 6 blocks,sa,112,112,7,1
ld_01,B77363,68,1,MASc KA 6 blocks,sa,112,112,7,1
ld_01,B77363,68,1,MASc KA 6 blocks,sa,112,112,7,1
pr_01,B77363,68,1,MASc KA 6 blocks,sa,112,112,7,1
pr_01,B77363,68,1,MASc KA 6 blocks,sa,112,112,7,1
pr_01,B77363,68,1,MASc KA 6 blocks,sa,112,112,7,1
sk_01,B74735,68,1,MASc KA 6 blocks,sa,112,112,7,1
sk_01,B74735,68,1,MASc KA 6 blocks,sa,112,112,7,1
sk_01,B77363,68,1,MASc KA 6 blocks,sa,112,112,7,1
sk_02,B74735,68,1,MASc KA 6 blocks,sa,112,112,7,1
sk_02,B76319,68,1,MASc KA 6 blocks,sa,112,112,7,1
sk_02,B77363,68,1,MASc KA 6 blocks,sa,112,112,7,1
fb_01,B74735,69,1,MASc KA 6 blocks,sa,112,112,7,1
fb_01,B76352,69,1,MASc KA 6 blocks,sa,112,112,7,1
fb_01,B76352,69,1,MASc KA 6 blocks,sa,112,112,7,1
fb_02,B76352,69,1,MASc KA 6 blocks,sa,112,112,7,1
fb_02,B76352,69,1,MASc KA 6 blocks,sa,112,112,7,1
fb_02,B76352,69,1,MASc KA 6 blocks,sa,112,112,7,1
ld_01,B77363,69,1,MASc KA 6 blocks,sa,112,112,7,1
ld_01,B77363,69,1,MASc KA 6 blocks,sa,112,112,7,1
ld_01,B77363,69,1,MASc KA 6 blocks,sa,112,112,7,1
pr_01,B77363,69,1,MASc KA 6 blocks,sa,112,112,7,1
pr_01,B77363,69,1,MASc KA 6 blocks,sa,112,112,7,1
pr_01,B77363,69,1,MASc KA 6 blocks,sa,112,112,7,1
sk_01,B76352,69,1,MASc KA 6 blocks,sa,112,112,7,1
sk_02,B76352,69,1,MASc KA 6 blocks,sa,112,112,7,1
fb_01,B76352,70,1,MASc KA 6 blocks,sa,112,112,7,1
fb_01,B76352,70,1,MASc KA 6 blocks,sa,112,112,7,1
fb_01,B76352,70,1,MASc KA 6 blocks,sa,112,112,7,1
fb_02,B76319,70,1,MASc KA 6 blocks,sa,112,112,7,1
fb_02,B76352,70,1,MASc KA 6 blocks,sa,112,112,7,1
fb_02,B76352,70,1,MASc KA 6 blocks,sa,112,112,7,1
ld_01,B77363,70,1,MASc KA 6 blocks,sa,112,112,7,1
ld_01,B77363,70,1,MASc KA 6 blocks,sa,112,112,7,1
ld_01,B77363,70,1,MASc KA 6 blocks,sa,112,112,7,1
pr_01,B77363,70,1,MASc KA 6 blocks,sa,112,112,7,1
pr_01,B77363,70,1,MASc KA 6 blocks,sa,112,112,7,1
pr_01,B77363,70,1,MASc KA 6 blocks,sa,112,112,7,1
sk_01,B74735,70,1,MASc KA 6 blocks,sa,112,112,7,1
sk_01,B76352,70,1,MASc KA 6 blocks,sa,112,112,7,1
sk_02,B76352,70,1,MASc KA 6 blocks,sa,112,112,7,1
fb_01,B74735,71,1,MASc KA 6 blocks,sa,112,112,7,1
fb_01,B74735,71,1,MASc KA 6 blocks,sa,112,112,7,1
fb_01,B76319,71,1,MASc KA 6 blocks,sa,112,112,7,1
fb_02,B74735,71,1,MASc KA 6 blocks,sa,112,112,7,1
fb_02,B74735,71,1,MASc KA 6 blocks,sa,112,112,7,1
fb_02,B76319,71,1,MASc KA 6 blocks,sa,112,112,7,1
fb_01,B76319,72,1,MASc KA 6 blocks,sa,112,112,7,1
fb_01,B77363,72,1,MASc KA 6 blocks,sa,112,112,7,1
fb_01,B77363,72,1,MASc KA 6 blocks,sa,112,112,7,1
fb_02,B74735,72,1,MASc KA 6 blocks,sa,112,112,7,1
fb_02,B76319,72,1,MASc KA 6 blocks,sa,112,112,7,1
fb_02,B77363,72,1,MASc KA 6 blocks,sa,112,112,7,1
sk_01,B74735,72,1,MASc KA 6 blocks,sa,112,112,7,1
fb_01,B76319,73,1,MASc KA 6 blocks,sa,112,112,7,1
fb_01,B77363,73,1,MASc KA 6 blocks,sa,112,112,7,1
fb_01,B77363,73,1,MASc KA 6 blocks,sa,112,112,7,1
fb_02,B74735,73,1,MASc KA 6 blocks,sa,112,112,7,1
fb_02,B74735,73,1,MASc KA 6 blocks,sa,112,112,7,1
fb_02,B74735,73,1,MASc KA 6 blocks,sa,112,112,7,1
pr_01,B74735,73,1,MASc KA 6 blocks,sa,112,112,7,1
sk_01,B74735,73,1,MASc KA 6 blocks,sa,112,112,7,1
sk_01,B77363,73,1,MASc KA 6 blocks,sa,112,112,7,1
sk_01,B77363,73,1,MASc KA 6 blocks,sa,112,112,7,1
sk_02,B77363,73,1,MASc KA 6 blocks,sa,112,112,7,1
sk_02,B77363,73,1,MASc KA 6 blocks,sa,112,112,7,1
sk_02,B77363,73,1,MASc KA 6 blocks,sa,112,112,7,1
fb_01,B74735,74,1,MASc KA 6 blocks,sa,112,112,7,1
fb_01,B74735,74,1,MASc KA 6 blocks,sa,112,112,7,1
fb_01,B77363,74,1,MASc KA 6 blocks,sa,112,112,7,1
fb_02,B74735,74,1,MASc KA 6 blocks,sa,112,112,7,1
fb_02,B74735,74,1,MASc KA 6 blocks,sa,112,112,7,1
fb_02,B76319,74,1,MASc KA 6 blocks,sa,112,112,7,1
pr_01,B74735,74,1,MASc KA 6 blocks,sa,112,112,7,1
pr_01,B77363,74,1,MASc KA 6 blocks,sa,112,112,7,1
pr_01,B77363,74,1,MASc KA 6 blocks,sa,112,112,7,1
sk_01,B74735,74,1,MASc KA 6 blocks,sa,112,112,7,1
sk_01,B77363,74,1,MASc KA 6 blocks,sa,112,112,7,1
sk_01,B77363,74,1,MASc KA 6 blocks,sa,112,112,7,1
sk_02,B77363,74,1,MASc KA 6 blocks,sa,112,112,7,1
sk_02,B77363,74,1,MASc KA 6 blocks,sa,112,112,7,1
sk_02,B77363,74,1,MASc KA 6 blocks,sa,112,112,7,1
fb_01,B76352,75,1,MASc KA 6 blocks,sa,112,112,7,1
fb_01,B76352,75,1,MASc KA 6 blocks,sa,112,112,7,1
fb_01,B76352,75,1,MASc KA 6 blocks,sa,112,112,7,1
fb_02,B76319,75,1,MASc KA 6 blocks,sa,112,112,7,1
fb_02,B76352,75,1,MASc KA 6 blocks,sa,112,112,7,1
fb_02,B76352,75,1,MASc KA 6 blocks,sa,112,112,7,1
ld_01,B74735,75,1,MASc KA 6 blocks,sa,112,112,7,1
ld_01,B77363,75,1,MASc KA 6 blocks,sa,112,112,7,1
ld_01,B77363,75,1,MASc KA 6 blocks,sa,112,112,7,1
pr_01,B77363,75,1,MASc KA 6 blocks,sa,112,112,7,1
pr_01,B77363,75,1,MASc KA 6 blocks,sa,112,112,7,1
pr_01,B77363,75,1,MASc KA 6 blocks,sa,112,112,7,1
sk_01,B74735,75,1,MASc KA 6 blocks,sa,112,112,7,1
sk_01,B76319,75,1,MASc KA 6 blocks,sa,112,112,7,1
sk_01,B77363,75,1,MASc KA 6 blocks,sa,112,112,7,1
sk_02,B74735,75,1,MASc KA 6 blocks,sa,112,112,7,1
sk_02,B76319,75,1,MASc KA 6 blocks,sa,112,112,7,1
sk_02,B77363,75,1,MASc KA 6 blocks,sa,112,112,7,1
fb_01,B76352,76,1,MASc KA 6 blocks,sa,112,112,7,1
fb_01,B76352,76,1,MASc KA 6 blocks,sa,112,112,7,1
fb_01,B76352,76,1,MASc KA 6 blocks,sa,112,112,7,1
fb_02,B74735,76,1,MASc KA 6 blocks,sa,112,112,7,1
fb_02,B76352,76,1,MASc KA 6 blocks,sa,112,112,7,1
fb_02,B77252,76,1,MASc KA 6 blocks,sa,112,112,7,1
ld_01,B77363,76,1,MASc KA 6 blocks,sa,112,112,7,1
ld_01,B77363,76,1,MASc KA 6 blocks,sa,112,112,7,1
ld_01,B77363,76,1,MASc KA 6 blocks,sa,112,112,7,1
pr_01,B77363,76,1,MASc KA 6 blocks,sa,112,112,7,1
pr_01,B77363,76,1,MASc KA 6 blocks,sa,112,112,7,1
pr_01,B77363,76,1,MASc KA 6 blocks,sa,112,112,7,1
sk_01,B76352,76,1,MASc KA 6 blocks,sa,112,112,7,1
fb_01,B76352,77,1,MASc KA 6 blocks,sa,112,112,7,1
fb_01,B76352,77,1,MASc KA 6 blocks,sa,112,112,7,1
fb_01,B76352,77,1,MASc KA 6 blocks,sa,112,112,7,1
fb_02,B76352,77,1,MASc KA 6 blocks,sa,112,112,7,1
fb_02,B76352,77,1,MASc KA 6 blocks,sa,112,112,7,1
fb_02,B76352,77,1,MASc KA 6 blocks,sa,112,112,7,1
ld_01,B77363,77,1,MASc KA 6 blocks,sa,112,112,7,1
ld_01,B77363,77,1,MASc KA 6 blocks,sa,112,112,7,1
ld_01,B77363,77,1,MASc KA 6 blocks,sa,112,112,7,1
pr_01,B74735,77,1,MASc KA 6 blocks,sa,112,112,7,1
pr_01,B74735,77,1,MASc KA 6 blocks,sa,112,112,7,1
pr_01,B77363,77,1,MASc KA 6 blocks,sa,112,112,7,1
sk_01,B74735,77,1,MASc KA 6 blocks,sa,112,112,7,1
sk_01,B76352,77,1,MASc KA 6 blocks,sa,112,112,7,1
sk_02,B76352,77,1,MASc KA 6 blocks,sa,112,112,7,1
fb_01,B76319,78,1,MASc KA 6 blocks,sa,112,112,7,1
fb_01,B76319,78,1,MASc KA 6 blocks,sa,112,112,7,1
fb_01,B76319,78,1,MASc KA 6 blocks,sa,112,112,7,1
fb_02,B76319,78,1,MASc KA 6 blocks,sa,112,112,7,1
fb_02,B77363,78,1,MASc KA 6 blocks,sa,112,112,7,1
fb_02,B77363,78,1,MASc KA 6 blocks,sa,112,112,7,1
fb_01,B74735,79,1,MASc KA 6 blocks,sa,112,112,7,1
fb_01,B76319,79,1,MASc KA 6 blocks,sa,112,112,7,1
fb_01,B76319,79,1,MASc KA 6 blocks,sa,112,112,7,1
fb_02,B74735,79,1,MASc KA 6 blocks,sa,112,112,7,1
fb_02,B76319,79,1,MASc KA 6 blocks,sa,112,112,7,1
fb_02,B77363,79,1,MASc KA 6 blocks,sa,112,112,7,1
sk_01,B76319,79,1,MASc KA 6 blocks,sa,112,112,7,1
sk_01,B77363,79,1,MASc KA 6 blocks,sa,112,112,7,1
sk_01,B77363,79,1,MASc KA 6 blocks,sa,112,112,7,1
sk_02,B77363,79,1,MASc KA 6 blocks,sa,112,112,7,1
sk_02,B77363,79,1,MASc KA 6 blocks,sa,112,112,7,1
fb_01,B74735,80,1,MASc KA 6 blocks,sa,112,112,7,1
fb_01,B77252,80,1,MASc KA 6 blocks,sa,112,112,7,1
fb_01,B77363,80,1,MASc KA 6 blocks,sa,112,112,7,1
fb_02,B74735,80,1,MASc KA 6 blocks,sa,112,112,7,1
fb_02,B74735,80,1,MASc KA 6 blocks,sa,112,112,7,1
fb_02,B76319,80,1,MASc KA 6 blocks,sa,112,112,7,1
pr_01,B76319,80,1,MASc KA 6 blocks,sa,112,112,7,1
pr_01,B77363,80,1,MASc KA 6 blocks,sa,112,112,7,1
pr_01,B77363,80,1,MASc KA 6 blocks,sa,112,112,7,1
sk_01,B76319,80,1,MASc KA 6 blocks,sa,112,112,7,1
sk_01,B77363,80,1,MASc KA 6 blocks,sa,112,112,7,1
sk_02,B77363,80,1,MASc KA 6 blocks,sa,112,112,7,1
fb_01,B74735,81,1,MASc KA 6 blocks,sa,112,112,7,1
fb_01,B74735,81,1,MASc KA 6 blocks,sa,112,112,7,1
fb_01,B74735,81,1,MASc KA 6 blocks,sa,112,112,7,1
fb_02,B74735,81,1,MASc KA 6 blocks,sa,112,112,7,1
fb_02,B74735,81,1,MASc KA 6 blocks,sa,112,112,7,1
fb_02,B74735,81,1,MASc KA 6 blocks,sa,112,112,7,1
ld_01,B77363,81,1,MASc KA 6 blocks,sa,112,112,7,1
ld_01,B77363,81,1,MASc KA 6 blocks,sa,112,112,7,1
pr_01,B76319,81,1,MASc KA 6 blocks,sa,112,112,7,1
pr_01,B77363,81,1,MASc KA 6 blocks,sa,112,112,7,1
pr_01,B77363,81,1,MASc KA 6 blocks,sa,112,112,7,1
sk_01,B74735,81,1,MASc KA 6 blocks,sa,112,112,7,1
sk_01,B77363,81,1,MASc KA 6 blocks,sa,112,112,7,1
sk_02,B74735,81,1,MASc KA 6 blocks,sa,112,112,7,1
sk_02,B77363,81,1,MASc KA 6 blocks,sa,112,112,7,1
fb_01,B76319,82,1,MASc KA 6 blocks,sa,112,112,7,1
fb_01,B76352,82,1,MASc KA 6 blocks,sa,112,112,7,1
fb_01,B76352,82,1,MASc KA 6 blocks,sa,112,112,7,1
fb_02,B74735,82,1,MASc KA 6 blocks,sa,112,112,7,1
fb_02,B76352,82,1,MASc KA 6 blocks,sa,112,112,7,1
fb_02,B76352,82,1,MASc KA 6 blocks,sa,112,112,7,1
ld_01,B77363,82,1,MASc KA 6 blocks,sa,112,112,7,1
ld_01,B77363,82,1,MASc KA 6 blocks,sa,112,112,7,1
pr_01,B77363,82,1,MASc KA 6 blocks,sa,112,112,7,1
pr_01,B77363,82,1,MASc KA 6 blocks,sa,112,112,7,1
pr_01,B77363,82,1,MASc KA 6 blocks,sa,112,112,7,1
sk_01,B74735,82,1,MASc KA 6 blocks,sa,112,112,7,1
sk_01,B74735,82,1,MASc KA 6 blocks,sa,112,112,7,1
sk_02,B74735,82,1,MASc KA 6 blocks,sa,112,112,7,1
fb_01,B76352,83,1,MASc KA 6 blocks,sa,112,112,7,1
fb_01,B76352,83,1,MASc KA 6 blocks,sa,112,112,7,1
fb_01,B76352,83,1,MASc KA 6 blocks,sa,112,112,7,1
fb_02,B76352,83,1,MASc KA 6 blocks,sa,112,112,7,1
fb_02,B76352,83,1,MASc KA 6 blocks,sa,112,112,7,1
fb_02,B76352,83,1,MASc KA 6 blocks,sa,112,112,7,1
ld_01,B77363,83,1,MASc KA 6 blocks,sa,112,112,7,1
ld_01,B77363,83,1,MASc KA 6 blocks,sa,112,112,7,1
ld_01,B77363,83,1,MASc KA 6 blocks,sa,112,112,7,1
pr_01,B74735,83,1,MASc KA 6 blocks,sa,112,112,7,1
pr_01,B74735,83,1,MASc KA 6 blocks,sa,112,112,7,1
pr_01,B74735,83,1,MASc KA 6 blocks,sa,112,112,7,1
sk_01,B76352,83,1,MASc KA 6 blocks,sa,112,112,7,1
sk_02,B76319,83,1,MASc KA 6 blocks,sa,112,112,7,1
fb_01,B77363,84,1,MASc KA 6 blocks,sa,112,112,7,1
fb_01,B77363,84,1,MASc KA 6 blocks,sa,112,112,7,1
fb_01,B77363,84,1,MASc KA 6 blocks,sa,112,112,7,1
fb_02,B76352,84,1,MASc KA 6 blocks,sa,112,112,7,1
fb_02,B77363,84,1,MASc KA 6 blocks,sa,112,112,7,1
fb_02,B77363,84,1,MASc KA 6 blocks,sa,112,112,7,1
ld_01,B74735,84,1,MASc KA 6 blocks,sa,112,112,7,1
pr_01,B74735,84,1,MASc KA 6 blocks,sa,112,112,7,1
pr_01,B74735,84,1,MASc KA 6 blocks,sa,112,112,7,1
pr_01,B76319,84,1,MASc KA 6 blocks,sa,112,112,7,1
sk_01,B76352,84,1,MASc KA 6 blocks,sa,112,112,7,1
sk_02,B76352,84,1,MASc KA 6 blocks,sa,112,112,7,1
fb_01,B77363,85,1,MASc KA 6 blocks,sa,112,112,7,1
fb_01,B77363,85,1,MASc KA 6 blocks,sa,112,112,7,1
fb_01,B77363,85,1,MASc KA 6 blocks,sa,112,112,7,1
fb_02,B74735,85,1,MASc KA 6 blocks,sa,112,112,7,1
fb_02,B76319,85,1,MASc KA 6 blocks,sa,112,112,7,1
fb_02,B76352,85,1,MASc KA 6 blocks,sa,112,112,7,1
fb_01,B74735,86,1,MASc KA 6 blocks,sa,112,112,7,1
fb_01,B76319,86,1,MASc KA 6 blocks,sa,112,112,7,1
fb_01,B77363,86,1,MASc KA 6 blocks,sa,112,112,7,1
fb_02,B74735,86,1,MASc KA 6 blocks,sa,112,112,7,1
fb_02,B74735,86,1,MASc KA 6 blocks,sa,112,112,7,1
fb_02,B77363,86,1,MASc KA 6 blocks,sa,112,112,7,1
sk_01,B77363,86,1,MASc KA 6 blocks,sa,112,112,7,1
sk_01,B77363,86,1,MASc KA 6 blocks,sa,112,112,7,1
sk_01,B77363,86,1,MASc KA 6 blocks,sa,112,112,7,1
sk_02,B77363,86,1,MASc KA 6 blocks,sa,112,112,7,1
sk_02,B77363,86,1,MASc KA 6 blocks,sa,112,112,7,1
sk_02,B77363,86,1,MASc KA 6 blocks,sa,112,112,7,1
fb_01,B74735,87,1,MASc KA 6 blocks,sa,112,112,7,1
fb_01,B74735,87,1,MASc KA 6 blocks,sa,112,112,7,1
fb_01,B76319,87,1,MASc KA 6 blocks,sa,112,112,7,1
fb_02,B74735,87,1,MASc KA 6 blocks,sa,112,112,7,1
fb_02,B74735,87,1,MASc KA 6 blocks,sa,112,112,7,1
fb_02,B74735,87,1,MASc KA 6 blocks,sa,112,112,7,1
pr_01,B77363,87,1,MASc KA 6 blocks,sa,112,112,7,1
pr_01,B77363,87,1,MASc KA 6 blocks,sa,112,112,7,1
pr_01,B77363,87,1,MASc KA 6 blocks,sa,112,112,7,1
sk_01,B74735,87,1,MASc KA 6 blocks,sa,112,112,7,1
sk_01,B77363,87,1,MASc KA 6 blocks,sa,112,112,7,1
sk_01,B77363,87,1,MASc KA 6 blocks,sa,112,112,7,1
sk_02,B77363,87,1,MASc KA 6 blocks,sa,112,112,7,1
sk_02,B77363,87,1,MASc KA 6 blocks,sa,112,112,7,1
fb_01,B74735,88,1,MASc KA 6 blocks,sa,112,112,7,1
fb_01,B74735,88,1,MASc KA 6 blocks,sa,112,112,7,1
fb_01,B74735,88,1,MASc KA 6 blocks,sa,112,112,7,1
fb_02,B74735,88,1,MASc KA 6 blocks,sa,112,112,7,1
fb_02,B76319,88,1,MASc KA 6 blocks,sa,112,112,7,1
fb_02,B76319,88,1,MASc KA 6 blocks,sa,112,112,7,1
ld_01,B77363,88,1,MASc KA 6 blocks,sa,112,112,7,1
ld_01,B77363,88,1,MASc KA 6 blocks,sa,112,112,7,1
ld_01,B77363,88,1,MASc KA 6 blocks,sa,112,112,7,1
pr_01,B77363,88,1,MASc KA 6 blocks,sa,112,112,7,1
pr_01,B77363,88,1,MASc KA 6 blocks,sa,112,112,7,1
pr_01,B77363,88,1,MASc KA 6 blocks,sa,112,112,7,1
sk_01,B74735,88,1,MASc KA 6 blocks,sa,112,112,7,1
sk_01,B74735,88,1,MASc KA 6 blocks,sa,112,112,7,1
sk_02,B74735,88,1,MASc KA 6 blocks,sa,112,112,7,1
sk_02,B76319,88,1,MASc KA 6 blocks,sa,112,112,7,1
fb_01,B76352,89,1,MASc KA 6 blocks,sa,112,112,7,1
fb_01,B76352,89,1,MASc KA 6 blocks,sa,112,112,7,1
fb_01,B76352,89,1,MASc KA 6 blocks,sa,112,112,7,1
fb_02,B76352,89,1,MASc KA 6 blocks,sa,112,112,7,1
fb_02,B76352,89,1,MASc KA 6 blocks,sa,112,112,7,1
fb_02,B76352,89,1,MASc KA 6 blocks,sa,112,112,7,1
ld_01,B77363,89,1,MASc KA 6 blocks,sa,112,112,7,1
ld_01,B77363,89,1,MASc KA 6 blocks,sa,112,112,7,1
ld_01,B77363,89,1,MASc KA 6 blocks,sa,112,112,7,1
pr_01,B74735,89,1,MASc KA 6 blocks,sa,112,112,7,1
pr_01,B77363,89,1,MASc KA 6 blocks,sa,112,112,7,1
pr_01,B77363,89,1,MASc KA 6 blocks,sa,112,112,7,1
sk_01,B74735,89,1,MASc KA 6 blocks,sa,112,112,7,1
sk_02,B74735,89,1,MASc KA 6 blocks,sa,112,112,7,1
fb_01,B74735,90,1,MASc KA 6 blocks,sa,112,112,7,1
fb_01,B76352,90,1,MASc KA 6 blocks,sa,112,112,7,1
fb_01,B77363,90,1,MASc KA 6 blocks,sa,112,112,7,1
fb_02,B76352,90,1,MASc KA 6 blocks,sa,112,112,7,1
fb_02,B76352,90,1,MASc KA 6 blocks,sa,112,112,7,1
fb_02,B76352,90,1,MASc KA 6 blocks,sa,112,112,7,1
ld_01,B77363,90,1,MASc KA 6 blocks,sa,112,112,7,1
ld_01,B77363,90,1,MASc KA 6 blocks,sa,112,112,7,1
pr_01,B74735,90,1,MASc KA 6 blocks,sa,112,112,7,1
pr_01,B74735,90,1,MASc KA 6 blocks,sa,112,112,7,1
pr_01,B74735,90,1,MASc KA 6 blocks,sa,112,112,7,1
sk_01,B76352,90,1,MASc KA 6 blocks,sa,112,112,7,1
sk_02,B76352,90,1,MASc KA 6 blocks,sa,112,112,7,1
fb_01,B76352,91,1,MASc KA 6 blocks,sa,112,112,7,1
fb_01,B77363,91,1,MASc KA 6 blocks,sa,112,112,7,1
fb_01,B77363,91,1,MASc KA 6 blocks,sa,112,112,7,1
fb_02,B76352,91,1,MASc KA 6 blocks,sa,112,112,7,1
fb_02,B76352,91,1,MASc KA 6 blocks,sa,112,112,7,1
fb_02,B77363,91,1,MASc KA 6 blocks,sa,112,112,7,1
ld_01,B74735,91,1,MASc KA 6 blocks,sa,112,112,7,1
ld_01,B74735,91,1,MASc KA 6 blocks,sa,112,112,7,1
pr_01,B74735,91,1,MASc KA 6 blocks,sa,112,112,7,1
pr_01,B74735,91,1,MASc KA 6 blocks,sa,112,112,7,1
pr_01,B76319,91,1,MASc KA 6 blocks,sa,112,112,7,1
sk_01,B74735,91,1,MASc KA 6 blocks,sa,112,112,7,1
sk_01,B76352,91,1,MASc KA 6 blocks,sa,112,112,7,1
sk_01,B76352,91,1,MASc KA 6 blocks,sa,112,112,7,1
sk_02,B77363,91,1,MASc KA 6 blocks,sa,112,112,7,1
sk_02,B77363,91,1,MASc KA 6 blocks,sa,112,112,7,1
fb_01,B74735,92,1,MASc KA 6 blocks,sa,112,112,7,1
fb_01,B74735,92,1,MASc KA 6 blocks,sa,112,112,7,1
fb_01,B76319,92,1,MASc KA 6 blocks,sa,112,112,7,1
fb_02,B74735,92,1,MASc KA 6 blocks,sa,112,112,7,1
fb_02,B76319,92,1,MASc KA 6 blocks,sa,112,112,7,1
fb_02,B77363,92,1,MASc KA 6 blocks,sa,112,112,7,1
fb_01,B74735,93,1,MASc KA 6 blocks,sa,112,112,7,1
fb_01,B74735,93,1,MASc KA 6 blocks,sa,112,112,7,1
fb_01,B77363,93,1,MASc KA 6 blocks,sa,112,112,7,1
fb_02,B74735,93,1,MASc KA 6 blocks,sa,112,112,7,1
fb_02,B76319,93,1,MASc KA 6 blocks,sa,112,112,7,1
fb_02,B76319,93,1,MASc KA 6 blocks,sa,112,112,7,1
sk_01,B74735,93,1,MASc KA 6 blocks,sa,112,112,7,1
sk_01,B77363,93,1,MASc KA 6 blocks,sa,112,112,7,1
sk_02,B77363,93,1,MASc KA 6 blocks,sa,112,112,7,1
fb_01,B76319,94,1,MASc KA 6 blocks,sa,112,112,7,1
fb_01,B76319,94,1,MASc KA 6 blocks,sa,112,112,7,1
fb_01,B77363,94,1,MASc KA 6 blocks,sa,112,112,7,1
fb_02,B74735,94,1,MASc KA 6 blocks,sa,112,112,7,1
fb_02,B77363,94,1,MASc KA 6 blocks,sa,112,112,7,1
fb_02,B77363,94,1,MASc KA 6 blocks,sa,112,112,7,1
pr_01,B74735,94,1,MASc KA 6 blocks,sa,112,112,7,1
pr_01,B77363,94,1,MASc KA 6 blocks,sa,112,112,7,1
sk_01,B74735,94,1,MASc KA 6 blocks,sa,112,112,7,1
sk_01,B77363,94,1,MASc KA 6 blocks,sa,112,112,7,1
sk_02,B76319,94,1,MASc KA 6 blocks,sa,112,112,7,1
sk_02,B77363,94,1,MASc KA 6 blocks,sa,112,112,7,1
fb_01,B74735,95,1,MASc KA 6 blocks,sa,112,112,7,1
fb_01,B76319,95,1,MASc KA 6 blocks,sa,112,112,7,1
fb_01,B76319,95,1,MASc KA 6 blocks,sa,112,112,7,1
fb_02,B74735,95,1,MASc KA 6 blocks,sa,112,112,7,1
fb_02,B76319,95,1,MASc KA 6 blocks,sa,112,112,7,1
fb_02,B76352,95,1,MASc KA 6 blocks,sa,112,112,7,1
ld_01,B77363,95,1,MASc KA 6 blocks,sa,112,112,7,1
pr_01,B74735,95,1,MASc KA 6 blocks,sa,112,112,7,1
pr_01,B77363,95,1,MASc KA 6 blocks,sa,112,112,7,1
pr_01,B77363,95,1,MASc KA 6 blocks,sa,112,112,7,1
sk_01,B77363,95,1,MASc KA 6 blocks,sa,112,112,7,1
sk_01,B77363,95,1,MASc KA 6 blocks,sa,112,112,7,1
sk_01,B77363,95,1,MASc KA 6 blocks,sa,112,112,7,1
sk_02,B74735,95,1,MASc KA 6 blocks,sa,112,112,7,1
sk_02,B77363,95,1,MASc KA 6 blocks,sa,112,112,7,1
sk_02,B77363,95,1,MASc KA 6 blocks,sa,112,112,7,1
fb_01,B76352,96,1,MASc KA 6 blocks,sa,112,112,7,1
fb_01,B76352,96,1,MASc KA 6 blocks,sa,112,112,7,1
fb_01,B76352,96,1,MASc KA 6 blocks,sa,112,112,7,1
fb_02,B76352,96,1,MASc KA 6 blocks,sa,112,112,7,1
fb_02,B76352,96,1,MASc KA 6 blocks,sa,112,112,7,1
fb_02,B76352,96,1,MASc KA 6 blocks,sa,112,112,7,1
ld_01,B74735,96,1,MASc KA 6 blocks,sa,112,112,7,1
ld_01,B77363,96,1,MASc KA 6 blocks,sa,112,112,7,1
ld_01,B77363,96,1,MASc KA 6 blocks,sa,112,112,7,1
pr_01,B76319,96,1,MASc KA 6 blocks,sa,112,112,7,1
pr_01,B77363,96,1,MASc KA 6 blocks,sa,112,112,7,1
pr_01,B77363,96,1,MASc KA 6 blocks,sa,112,112,7,1
sk_01,B74735,96,1,MASc KA 6 blocks,sa,112,112,7,1
sk_01,B76319,96,1,MASc KA 6 blocks,sa,112,112,7,1
sk_02,B76319,96,1,MASc KA 6 blocks,sa,112,112,7,1
sk_02,B77363,96,1,MASc KA 6 blocks,sa,112,112,7,1
fb_01,B76352,97,1,MASc KA 6 blocks,sa,112,112,7,1
fb_01,B76352,97,1,MASc KA 6 blocks,sa,112,112,7,1
fb_01,B76352,97,1,MASc KA 6 blocks,sa,112,112,7,1
fb_02,B76319,97,1,MASc KA 6 blocks,sa,112,112,7,1
fb_02,B76352,97,1,MASc KA 6 blocks,sa,112,112,7,1
fb_02,B77363,97,1,MASc KA 6 blocks,sa,112,112,7,1
ld_01,B77363,97,1,MASc KA 6 blocks,sa,112,112,7,1
ld_01,B77363,97,1,MASc KA 6 blocks,sa,112,112,7,1
pr_01,B77363,97,1,MASc KA 6 blocks,sa,112,112,7,1
pr_01,B77363,97,1,MASc KA 6 blocks,sa,112,112,7,1
pr_01,B77363,97,1,MASc KA 6 blocks,sa,112,112,7,1
sk_01,B76352,97,1,MASc KA 6 blocks,sa,112,112,7,1
sk_02,B76352,97,1,MASc KA 6 blocks,sa,112,112,7,1
fb_01,B74735,98,1,MASc KA 6 blocks,sa,112,112,7,1
fb_01,B76352,98,1,MASc KA 6 blocks,sa,112,112,7,1
fb_01,B76352,98,1,MASc KA 6 blocks,sa,112,112,7,1
fb_02,B76352,98,1,MASc KA 6 blocks,sa,112,112,7,1
fb_02,B76352,98,1,MASc KA 6 blocks,sa,112,112,7,1
fb_02,B77363,98,1,MASc KA 6 blocks,sa,112,112,7,1
ld_01,B77363,98,1,MASc KA 6 blocks,sa,112,112,7,1
ld_01,B77363,98,1,MASc KA 6 blocks,sa,112,112,7,1
ld_01,B77363,98,1,MASc KA 6 blocks,sa,112,112,7,1
pr_01,B74735,98,1,MASc KA 6 blocks,sa,112,112,7,1
pr_01,B74735,98,1,MASc KA 6 blocks,sa,112,112,7,1
pr_01,B74735,98,1,MASc KA 6 blocks,sa,112,112,7,1
sk_01,B76352,98,1,MASc KA 6 blocks,sa,112,112,7,1
sk_01,B77363,98,1,MASc KA 6 blocks,sa,112,112,7,1
sk_02,B76352,98,1,MASc KA 6 blocks,sa,112,112,7,1
sk_02,B77363,98,1,MASc KA 6 blocks,sa,112,112,7,1
fb_01,B74735,99,1,MASc KA 6 blocks,sa,112,112,7,1
fb_01,B76319,99,1,MASc KA 6 blocks,sa,112,112,7,1
fb_01,B77363,99,1,MASc KA 6 blocks,sa,112,112,7,1
fb_02,B74735,99,1,MASc KA 6 blocks,sa,112,112,7,1
fb_02,B74735,99,1,MASc KA 6 blocks,sa,112,112,7,1
fb_02,B76352,99,1,MASc KA 6 blocks,sa,112,112,7,1
fb_01,B77363,100,1,MASc KA 6 blocks,sa,112,112,7,1
fb_01,B77363,100,1,MASc KA 6 blocks,sa,112,112,7,1
fb_01,B77363,100,1,MASc KA 6 blocks,sa,112,112,7,1
fb_02,B74735,100,1,MASc KA 6 blocks,sa,112,112,7,1
fb_02,B74735,100,1,MASc KA 6 blocks,sa,112,112,7,1
fb_02,B76319,100,1,MASc KA 6 blocks,sa,112,112,7,1
sk_01,B74735,100,1,MASc KA 6 blocks,sa,112,112,7,1
sk_01,B77363,100,1,MASc KA 6 blocks,sa,112,112,7,1
sk_02,B77363,100,1,MASc KA 6 blocks,sa,112,112,7,1
fb_01,B76352,101,1,MASc KA 6 blocks,sa,112,112,7,1
fb_01,B76352,101,1,MASc KA 6 blocks,sa,112,112,7,1
fb_01,B77363,101,1,MASc KA 6 blocks,sa,112,112,7,1
fb_02,B74735,101,1,MASc KA 6 blocks,sa,112,112,7,1
fb_02,B74735,101,1,MASc KA 6 blocks,sa,112,112,7,1
fb_02,B76352,101,1,MASc KA 6 blocks,sa,112,112,7,1
pr_01,B74735,101,1,MASc KA 6 blocks,sa,112,112,7,1
pr_01,B77363,101,1,MASc KA 6 blocks,sa,112,112,7,1
sk_01,B74735,101,1,MASc KA 6 blocks,sa,112,112,7,1
sk_01,B77363,101,1,MASc KA 6 blocks,sa,112,112,7,1
sk_01,B77363,101,1,MASc KA 6 blocks,sa,112,112,7,1
sk_02,B77363,101,1,MASc KA 6 blocks,sa,112,112,7,1
sk_02,B77363,101,1,MASc KA 6 blocks,sa,112,112,7,1
sk_02,B77363,101,1,MASc KA 6 blocks,sa,112,112,7,1
fb_01,B74735,102,1,MASc KA 6 blocks,sa,112,112,7,1
fb_01,B76319,102,1,MASc KA 6 blocks,sa,112,112,7,1
fb_01,B77363,102,1,MASc KA 6 blocks,sa,112,112,7,1
fb_02,B74735,102,1,MASc KA 6 blocks,sa,112,112,7,1
fb_02,B76352,102,1,MASc KA 6 blocks,sa,112,112,7,1
fb_02,B76352,102,1,MASc KA 6 blocks,sa,112,112,7,1
ld_01,B77363,102,1,MASc KA 6 blocks,sa,112,112,7,1
pr_01,B77363,102,1,MASc KA 6 blocks,sa,112,112,7,1
pr_01,B77363,102,1,MASc KA 6 blocks,sa,112,112,7,1
pr_01,B77363,102,1,MASc KA 6 blocks,sa,112,112,7,1
sk_01,B74735,102,1,MASc KA 6 blocks,sa,112,112,7,1
sk_01,B77363,102,1,MASc KA 6 blocks,sa,112,112,7,1
sk_01,B77363,102,1,MASc KA 6 blocks,sa,112,112,7,1
sk_02,B76352,102,1,MASc KA 6 blocks,sa,112,112,7,1
sk_02,B77363,102,1,MASc KA 6 blocks,sa,112,112,7,1
fb_01,B74735,103,1,MASc KA 6 blocks,sa,112,112,7,1
fb_01,B76352,103,1,MASc KA 6 blocks,sa,112,112,7,1
fb_01,B76352,103,1,MASc KA 6 blocks,sa,112,112,7,1
fb_02,B74735,103,1,MASc KA 6 blocks,sa,112,112,7,1
fb_02,B76352,103,1,MASc KA 6 blocks,sa,112,112,7,1
fb_02,B76352,103,1,MASc KA 6 blocks,sa,112,112,7,1
ld_01,B77363,103,1,MASc KA 6 blocks,sa,112,112,7,1
ld_01,B77363,103,1,MASc KA 6 blocks,sa,112,112,7,1
ld_01,B77363,103,1,MASc KA 6 blocks,sa,112,112,7,1
pr_01,B77363,103,1,MASc KA 6 blocks,sa,112,112,7,1
pr_01,B77363,103,1,MASc KA 6 blocks,sa,112,112,7,1
pr_01,B77363,103,1,MASc KA 6 blocks,sa,112,112,7,1
sk_01,B74735,103,1,MASc KA 6 blocks,sa,112,112,7,1
sk_01,B76352,103,1,MASc KA 6 blocks,sa,112,112,7,1
sk_01,B77363,103,1,MASc KA 6 blocks,sa,112,112,7,1
sk_02,B76319,103,1,MASc KA 6 blocks,sa,112,112,7,1
sk_02,B77363,103,1,MASc KA 6 blocks,sa,112,112,7,1
fb_01,B76319,104,1,MASc KA 6 blocks,sa,112,112,7,1
fb_01,B76319,104,1,MASc KA 6 blocks,sa,112,112,7,1
fb_01,B76352,104,1,MASc KA 6 blocks,sa,112,112,7,1
fb_02,B76319,104,1,MASc KA 6 blocks,sa,112,112,7,1
fb_02,B76319,104,1,MASc KA 6 blocks,sa,112,112,7,1
fb_02,B76352,104,1,MASc KA 6 blocks,sa,112,112,7,1
ld_01,B77363,104,1,MASc KA 6 blocks,sa,112,112,7,1
ld_01,B77363,104,1,MASc KA 6 blocks,sa,112,112,7,1
ld_01,B77363,104,1,MASc KA 6 blocks,sa,112,112,7,1
pr_01,B77363,104,1,MASc KA 6 blocks,sa,112,112,7,1
pr_01,B77363,104,1,MASc KA 6 blocks,sa,112,112,7,1
pr_01,B77363,104,1,MASc KA 6 blocks,sa,112,112,7,1
sk_01,B74735,104,1,MASc KA 6 blocks,sa,112,112,7,1
sk_02,B76352,104,1,MASc KA 6 blocks,sa,112,112,7,1
fb_01,B76319,105,1,MASc KA 6 blocks,sa,112,112,7,1
fb_01,B76319,105,1,MASc KA 6 blocks,sa,112,112,7,1
fb_01,B77363,105,1,MASc KA 6 blocks,sa,112,112,7,1
fb_02,B76352,105,1,MASc KA 6 blocks,sa,112,112,7,1
fb_02,B76352,105,1,MASc KA 6 blocks,sa,112,112,7,1
fb_02,B76352,105,1,MASc KA 6 blocks,sa,112,112,7,1
ld_01,B77363,105,1,MASc KA 6 blocks,sa,112,112,7,1
ld_01,B77363,105,1,MASc KA 6 blocks,sa,112,112,7,1
ld_01,B77363,105,1,MASc KA 6 blocks,sa,112,112,7,1
pr_01,B74735,105,1,MASc KA 6 blocks,sa,112,112,7,1
pr_01,B74735,105,1,MASc KA 6 blocks,sa,112,112,7,1
pr_01,B74735,105,1,MASc KA 6 blocks,sa,112,112,7,1
sk_01,B76352,105,1,MASc KA 6 blocks,sa,112,112,7,1
sk_02,B76319,105,1,MASc KA 6 blocks,sa,112,112,7,1
fb_01,B76352,106,1,MASc KA 6 blocks,sa,112,112,7,1
fb_01,B77363,106,1,MASc KA 6 blocks,sa,112,112,7,1
fb_01,B77363,106,1,MASc KA 6 blocks,sa,112,112,7,1
fb_02,B76319,106,1,MASc KA 6 blocks,sa,112,112,7,1
fb_02,B77363,106,1,MASc KA 6 blocks,sa,112,112,7,1
fb_02,B77363,106,1,MASc KA 6 blocks,sa,112,112,7,1
fb_01,B74735,107,1,MASc KA 6 blocks,sa,112,112,7,1
fb_01,B76319,107,1,MASc KA 6 blocks,sa,112,112,7,1
fb_01,B77363,107,1,MASc KA 6 blocks,sa,112,112,7,1
fb_02,B76319,107,1,MASc KA 6 blocks,sa,112,112,7,1
fb_02,B76319,107,1,MASc KA 6 blocks,sa,112,112,7,1
fb_02,B76352,107,1,MASc KA 6 blocks,sa,112,112,7,1
sk_01,B77363,107,1,MASc KA 6 blocks,sa,112,112,7,1
sk_01,B77363,107,1,MASc KA 6 blocks,sa,112,112,7,1
sk_01,B77363,107,1,MASc KA 6 blocks,sa,112,112,7,1
sk_02,B77363,107,1,MASc KA 6 blocks,sa,112,112,7,1
sk_02,B77363,107,1,MASc KA 6 blocks,sa,112,112,7,1
sk_02,B77363,107,1,MASc KA 6 blocks,sa,112,112,7,1
fb_01,B74735,108,1,MASc KA 6 blocks,sa,112,112,7,1
fb_01,B76319,108,1,MASc KA 6 blocks,sa,112,112,7,1
fb_01,B76352,108,1,MASc KA 6 blocks,sa,112,112,7,1
fb_02,B74735,108,1,MASc KA 6 blocks,sa,112,112,7,1
fb_02,B74735,108,1,MASc KA 6 blocks,sa,112,112,7,1
fb_02,B76319,108,1,MASc KA 6 blocks,sa,112,112,7,1
pr_01,B77363,108,1,MASc KA 6 blocks,sa,112,112,7,1
pr_01,B77363,108,1,MASc KA 6 blocks,sa,112,112,7,1
pr_01,B77363,108,1,MASc KA 6 blocks,sa,112,112,7,1
sk_01,B76319,108,1,MASc KA 6 blocks,sa,112,112,7,1
sk_01,B77363,108,1,MASc KA 6 blocks,sa,112,112,7,1
sk_01,B77363,108,1,MASc KA 6 blocks,sa,112,112,7,1
sk_02,B77363,108,1,MASc KA 6 blocks,sa,112,112,7,1
sk_02,B77363,108,1,MASc KA 6 blocks,sa,112,112,7,1
fb_01,B76352,109,1,MASc KA 6 blocks,sa,112,112,7,1
fb_01,B76352,109,1,MASc KA 6 blocks,sa,112,112,7,1
fb_01,B77363,109,1,MASc KA 6 blocks,sa,112,112,7,1
fb_02,B74735,109,1,MASc KA 6 blocks,sa,112,112,7,1
fb_02,B74735,109,1,MASc KA 6 blocks,sa,112,112,7,1
fb_02,B74735,109,1,MASc KA 6 blocks,sa,112,112,7,1
ld_01,B77363,109,1,MASc KA 6 blocks,sa,112,112,7,1
ld_01,B77363,109,1,MASc KA 6 blocks,sa,112,112,7,1
ld_01,B77363,109,1,MASc KA 6 blocks,sa,112,112,7,1
pr_01,B77363,109,1,MASc KA 6 blocks,sa,112,112,7,1
pr_01,B77363,109,1,MASc KA 6 blocks,sa,112,112,7,1
pr_01,B77363,109,1,MASc KA 6 blocks,sa,112,112,7,1
sk_01,B74735,109,1,MASc KA 6 blocks,sa,112,112,7,1
sk_01,B76319,109,1,MASc KA 6 blocks,sa,112,112,7,1
sk_02,B76352,109,1,MASc KA 6 blocks,sa,112,112,7,1
fb_01,B74735,110,1,MASc KA 6 blocks,sa,112,112,7,1
fb_01,B74735,110,1,MASc KA 6 blocks,sa,112,112,7,1
fb_01,B77363,110,1,MASc KA 6 blocks,sa,112,112,7,1
fb_02,B74735,110,1,MASc KA 6 blocks,sa,112,112,7,1
fb_02,B76352,110,1,MASc KA 6 blocks,sa,112,112,7,1
fb_02,B76352,110,1,MASc KA 6 blocks,sa,112,112,7,1
ld_01,B77363,110,1,MASc KA 6 blocks,sa,112,112,7,1
ld_01,B77363,110,1,MASc KA 6 blocks,sa,112,112,7,1
ld_01,B77363,110,1,MASc KA 6 blocks,sa,112,112,7,1
pr_01,B74735,110,1,MASc KA 6 blocks,sa,112,112,7,1
pr_01,B77363,110,1,MASc KA 6 blocks,sa,112,112,7,1
pr_01,B77363,110,1,MASc KA 6 blocks,sa,112,112,7,1
sk_01,B74735,110,1,MASc KA 6 blocks,sa,112,112,7,1
sk_01,B74735,110,1,MASc KA 6 blocks,sa,112,112,7,1
sk_02,B77363,110,1,MASc KA 6 blocks,sa,112,112,7,1
sk_02,B77363,110,1,MASc KA 6 blocks,sa,112,112,7,1
fb_01,B74735,111,1,MASc KA 6 blocks,sa,112,112,7,1
fb_01,B76319,111,1,MASc KA 6 blocks,sa,112,112,7,1
fb_01,B77363,111,1,MASc KA 6 blocks,sa,112,112,7,1
fb_02,B74735,111,1,MASc KA 6 blocks,sa,112,112,7,1
fb_02,B76319,111,1,MASc KA 6 blocks,sa,112,112,7,1
fb_02,B76352,111,1,MASc KA 6 blocks,sa,112,112,7,1
ld_01,B77363,111,1,MASc KA 6 blocks,sa,112,112,7,1
ld_01,B77363,111,1,MASc KA 6 blocks,sa,112,112,7,1
pr_01,B74735,111,1,MASc KA 6 blocks,sa,112,112,7,1
pr_01,B77363,111,1,MASc KA 6 blocks,sa,112,112,7,1
pr_01,B77363,111,1,MASc KA 6 blocks,sa,112,112,7,1
sk_01,B74735,111,1,MASc KA 6 blocks,sa,112,112,7,1
sk_01,B76352,111,1,MASc KA 6 blocks,sa,112,112,7,1
sk_01,B77363,111,1,MASc KA 6 blocks,sa,112,112,7,1
sk_02,B77363,111,1,MASc KA 6 blocks,sa,112,112,7,1
sk_02,B77363,111,1,MASc KA 6 blocks,sa,112,112,7,1
fb_01,B74735,112,1,MASc KA 6 blocks,sa,112,112,7,1
fb_01,B74735,112,1,MASc KA 6 blocks,sa,112,112,7,1
fb_01,B77363,112,1,MASc KA 6 blocks,sa,112,112,7,1
fb_02,B76352,112,1,MASc KA 6 blocks,sa,112,112,7,1
fb_02,B76352,112,1,MASc KA 6 blocks,sa,112,112,7,1
fb_02,B77363,112,1,MASc KA 6 blocks,sa,112,112,7,1
ld_01,B74735,112,1,MASc KA 6 blocks,sa,112,112,7,1
ld_01,B77363,112,1,MASc KA 6 blocks,sa,112,112,7,1
ld_01,B77363,112,1,MASc KA 6 blocks,sa,112,112,7,1
pr_01,B74735,112,1,MASc KA 6 blocks,sa,112,112,7,1
pr_01,B77363,112,1,MASc KA 6 blocks,sa,112,112,7,1
pr_01,B77363,112,1,MASc KA 6 blocks,sa,112,112,7,1
sk_01,B74735,112,1,MASc KA 6 blocks,sa,112,112,7,1
sk_01,B77363,112,1,MASc KA 6 blocks,sa,112,112,7,1
sk_02,B77363,112,1,MASc KA 6 blocks,sa,112,112,7,1
