run_id,context,size,solver,master_days,sub_days,lock_days,theta_weeks,baseline,sa_iters,mip_time_limit,mip_earliness_time_limit,mip_solver,wall_time_s,fhops_version,fhops_commit,fhops_path,n_iterations,n_locked_assignments,empty_plan,n_iteration_warnings,n_no_solution_windows,n_skipped_windows,n_empty_windows,last_window_objective,kpi_total_production,kpi_completed_blocks,kpi_staged_production,kpi_remaining_work_total,kpi_sequencing_violation_count,kpi_sequencing_violation_blocks,kpi_sequencing_violation_days,kpi_sequencing_clean_blocks,kpi_utilisation_ratio_mean_shift,kpi_utilisation_ratio_weighted_shift,kpi_utilisation_ratio_mean_day,kpi_utilisation_ratio_weighted_day,kpi_makespan_day
ka_6_baseline_mip,ka,6,mip,28,28,28,,True,50,30,30,gurobi,2.4493768215179443,1.0.1,,/tmp/opencode/venv-fhops101-grb/lib/python3.12/site-packages/fhops,1,368,False,2,0,0,0,30913.355595,30913.355595,6.0,0.0,0.0,0,0,0,6,1.0,1.0,0.18253968253968253,0.18253968253968253,28
ka_6_baseline_sa,ka,6,sa,28,28,28,,True,50,30,30,gurobi,3.4780445098876953,1.0.1,,/tmp/opencode/venv-fhops101-grb/lib/python3.12/site-packages/fhops,1,277,False,0,0,0,0,30913.355594999986,30913.355595,6.0,0.0,0.0,0,0,0,6,1.0,1.0,0.13740079365079366,0.13740079365079366,27
ka_6_sub14_lock14_mip,ka,6,mip,28,14,14,2.0,False,50,30,30,gurobi,32.01951885223389,1.0.1,,/tmp/opencode/venv-fhops101-grb/lib/python3.12/site-packages/fhops,2,358,False,4,0,0,0,10248.65207974928,30913.355595,6.0,0.0,0.0,1,1,1,5,1.0,1.0,0.17757936507936506,0.1775793650793651,28
ka_6_sub14_lock14_sa,ka,6,sa,28,14,14,2.0,False,50,30,30,gurobi,3.080117702484131,1.0.1,,/tmp/opencode/venv-fhops101-grb/lib/python3.12/site-packages/fhops,2,277,False,0,0,0,0,11831.355594999988,30913.355595,6.0,0.0,0.0,0,0,0,6,1.0,1.0,0.13740079365079363,0.13740079365079366,27
ka_6_sub14_lock7_mip,ka,6,mip,28,14,7,2.0,False,50,30,30,gurobi,125.3593499660492,1.0.1,,/tmp/opencode/venv-fhops101-grb/lib/python3.12/site-packages/fhops,4,345,False,11,0,0,0,3615.3592560000316,30913.355595,6.0,0.0,0.0,0,0,0,6,1.0,1.0,0.17113095238095238,0.17113095238095238,28
ka_6_sub14_lock7_sa,ka,6,sa,28,14,7,2.0,False,50,30,30,gurobi,5.3493921756744385,1.0.1,,/tmp/opencode/venv-fhops101-grb/lib/python3.12/site-packages/fhops,4,277,False,0,0,0,0,5435.4951559999945,30913.355595,6.0,0.0,0.0,0,0,0,6,1.0,1.0,0.13740079365079363,0.13740079365079366,27
ka_6_sub28_lock14_mip,ka,6,mip,28,28,14,4.0,False,50,30,30,gurobi,33.69559669494629,1.0.1,,/tmp/opencode/venv-fhops101-grb/lib/python3.12/site-packages/fhops,2,371,False,5,0,0,0,10428.627814000078,30913.355595,6.0,0.0,0.0,0,0,0,6,1.0,1.0,0.18402777777777776,0.1840277777777778,28
ka_6_sub28_lock14_sa,ka,6,sa,28,28,14,4.0,False,50,30,30,gurobi,4.464289426803589,1.0.1,,/tmp/opencode/venv-fhops101-grb/lib/python3.12/site-packages/fhops,2,277,False,0,0,0,0,11831.355594999988,30913.355595,6.0,0.0,0.0,0,0,0,6,1.0,1.0,0.13740079365079363,0.13740079365079366,27
ka_6_sub28_lock7_mip,ka,6,mip,28,28,7,4.0,False,50,30,30,gurobi,70.84274625778198,1.0.1,,/tmp/opencode/venv-fhops101-grb/lib/python3.12/site-packages/fhops,4,340,False,11,0,0,0,3684.9682851903267,30913.35558009513,5.0,1.490487193223089e-05,1.490487193223089e-05,1,1,1,5,1.0,1.0,0.16865079365079366,0.16865079365079366,28
ka_6_sub28_lock7_sa,ka,6,sa,28,28,7,4.0,False,50,30,30,gurobi,7.049558639526367,1.0.1,,/tmp/opencode/venv-fhops101-grb/lib/python3.12/site-packages/fhops,4,277,False,0,0,0,0,5093.914081999995,30913.355595,6.0,0.0,0.0,0,0,0,6,1.0,1.0,0.13740079365079363,0.13740079365079366,27
