machine_id,block_id,day,shift_id,assigned,production
fb_01,B77363,1,S1,1,1335.02464
fb_02,B77363,1,S1,1,1335.02464
fb_01,B74735,1,S2,1,65.80785000000014
fb_02,B74735,1,S2,1,389.585966
sk_01,B77363,1,S2,1,621.729133
sk_02,B77363,1,S2,1,621.729133
fb_01,B76352,1,S3,1,193.190788
fb_02,B76352,1,S3,1,193.190788
pr_01,B77363,1,S3,1,704.378343
sk_01,B74735,1,S3,1,31.410776999998916
sk_02,B77363,1,S3,1,621.729133
fb_01,B74735,2,S1,1,389.585966
fb_02,B76352,2,S1,1,193.190788
pr_01,B77363,2,S1,1,704.378343
sk_01,B77363,2,S1,1,621.729133
sk_02,B76352,2,S1,1,324.001639
fb_01,B76352,2,S2,1,193.190788
fb_02,B77363,2,S2,1,499.69132063716097
pr_01,B76352,2,S2,1,324.001639
sk_01,B74735,2,S2,1,813.5690050000011
fb_01,B74735,2,S3,1,389.585966
fb_02,B77363,2,S3,1,1335.02464
pr_01,B74735,2,S3,1,422.489891
sk_01,B76352,2,S3,1,448.761513
sk_02,B77363,2,S3,1,621.729133
fb_01,B74735,3,S1,1,389.585966
fb_02,B76352,3,S1,1,18.152931000000194
ld_01,B74735,3,S1,1,422.48989100000097
pr_01,B77363,3,S1,1,704.378343
sk_02,B77363,3,S1,1,621.7291330000005
fb_02,B77363,3,S2,1,0.0
ld_01,B77363,3,S2,1,0.0
pr_01,B74735,3,S2,1,422.489891
sk_01,B74735,3,S2,1,0.0
sk_02,B76352,3,S2,1,0.0
fb_01,B76352,3,S3,1,193.190788
fb_02,B77363,3,S3,1,1335.02464
ld_01,B74735,3,S3,1,41.38869925072163
pr_01,B76352,3,S3,1,324.001639
sk_01,B77363,3,S3,1,621.7291330000005
sk_02,B74735,3,S3,1,779.171932
fb_01,B76352,4,S1,1,0.0
fb_02,B74735,4,S1,1,98.7117750000001
ld_01,B77363,4,S1,1,658.0
pr_01,B77363,4,S1,1,704.378343
sk_01,B74735,4,S1,1,0.0
sk_02,B76352,4,S1,1,211.3437190000002
fb_02,B74735,4,S2,1,389.585966
ld_01,B77363,4,S2,1,658.0
pr_01,B77363,4,S2,1,704.378343
fb_02,B76352,4,S3,1,193.190788
ld_01,B77363,4,S3,1,658.0
pr_01,B74735,4,S3,1,422.489891
sk_01,B77363,4,S3,1,621.7291330000005
sk_02,B74735,4,S3,1,488.2977410000001
fb_01,B74735,5,S1,1,131.61559825072266
fb_02,B76352,5,S1,1,0.0
ld_01,B77363,5,S1,1,658.0
pr_01,B74735,5,S1,1,422.489891
sk_01,B77363,5,S1,1,621.7291330000005
sk_02,B76352,5,S1,1,193.190788
fb_01,B76352,5,S2,1,0.0
ld_01,B74735,5,S2,1,658.0
pr_01,B74735,5,S2,1,422.489891
sk_01,B77363,5,S2,1,244.22768363715932
sk_02,B76352,5,S2,1,0.0
fb_01,B76352,5,S3,1,193.190788
fb_02,B74735,5,S3,1,389.585966
ld_01,B77363,5,S3,1,658.0
pr_01,B77363,5,S3,1,704.378343
sk_02,B76352,5,S3,1,0.0
fb_01,B76352,6,S1,1,193.190788
fb_02,B77363,6,S1,1,1335.02464
ld_01,B74735,6,S1,1,658.0
pr_01,B77363,6,S1,1,704.378343
sk_01,B74735,6,S1,1,521.2015642507226
sk_02,B77252,6,S1,1,0.0
fb_02,B74735,6,S2,1,389.585966
ld_01,B76352,6,S2,1,304.008195
pr_01,B77363,6,S2,1,704.378343
sk_01,B77363,6,S2,1,0.0
sk_02,B76352,6,S2,1,0.0
fb_01,B77363,6,S3,1,1151.8918920000006
ld_01,B77363,6,S3,1,649.2969716371642
pr_01,B74735,6,S3,1,422.48978925072254
sk_01,B76352,6,S3,1,386.381576
sk_02,B76352,6,S3,1,0.0
fb_01,B76352,7,S1,1,0.0
fb_02,B74735,7,S1,1,0.0
ld_01,B77363,7,S1,1,658.0
pr_01,B76352,7,S1,1,324.001639
sk_01,B77363,7,S1,1,621.7291330000005
sk_02,B74735,7,S1,1,0.0
fb_01,B76352,7,S2,1,193.190788
ld_01,B76352,7,S2,1,658.0
pr_01,B77363,7,S2,1,704.378343
sk_01,B77363,7,S2,1,621.729133
sk_02,B74735,7,S2,1,0.0
fb_02,B74735,7,S3,1,389.585966
ld_01,B77363,7,S3,1,658.0
pr_01,B77363,7,S3,1,704.378343
sk_01,B76352,7,S3,1,193.190788
sk_02,B74735,7,S3,1,389.585966
fb_01,B74735,8,S1,1,389.585966
ld_01,B74735,8,S1,1,658.0
pr_01,B76352,8,S1,1,324.001639
sk_01,B77363,8,S1,1,621.729133
sk_02,B77363,8,S1,1,621.729133
fb_01,B77363,8,S2,1,1335.02464
fb_02,B76352,8,S2,1,193.190788
ld_01,B77363,8,S2,1,658.0
pr_01,B74735,8,S2,1,422.489891
sk_01,B74735,8,S2,1,779.171932
fb_01,B76352,8,S3,1,0.0
fb_02,B76352,8,S3,1,0.0
ld_01,B77363,8,S3,1,658.0
pr_01,B74735,8,S3,1,422.489891
sk_01,B77363,8,S3,1,621.7291330000005
fb_01,B77363,9,S1,1,1335.02464
fb_02,B76352,9,S1,1,0.0
ld_01,B74735,9,S1,1,658.0
pr_01,B74735,9,S1,1,422.489891
sk_02,B77363,9,S1,1,621.729133
fb_01,B74735,9,S2,1,389.585966
fb_02,B76352,9,S2,1,0.0
ld_01,B77363,9,S2,1,0.0
pr_01,B77363,9,S2,1,704.378343
fb_01,B74735,9,S3,1,0.0
fb_02,B74735,9,S3,1,98.71177500000005
ld_01,B77363,9,S3,1,658.0
pr_01,B76352,9,S3,1,324.001639
sk_01,B77363,9,S3,1,621.7291329999999
sk_02,B76352,9,S3,1,0.0
fb_01,B77363,10,S1,1,347.030011000002
ld_01,B76352,10,S1,1,658.0
pr_01,B77363,10,S1,1,704.378343
sk_01,B76352,10,S1,1,193.190788
sk_02,B74735,10,S1,1,488.29774100000003
fb_01,B76352,10,S2,1,193.190788
ld_01,B77363,10,S2,1,658.0
pr_01,B77363,10,S2,1,704.378343
fb_01,B77363,10,S3,1,1335.02464
fb_02,B76352,10,S3,1,193.190788
ld_01,B74735,10,S3,1,658.0
pr_01,B74735,10,S3,1,422.489891
sk_02,B77363,10,S3,1,621.7291330000005
ld_01,B77363,11,S1,1,658.0
pr_01,B77363,11,S1,1,704.378343
sk_01,B76352,11,S1,1,0.0
sk_02,B76352,11,S1,1,386.381576
fb_01,B74735,11,S2,1,389.585966
fb_02,B76352,11,S2,1,193.190788
ld_01,B77363,11,S2,1,658.0
pr_01,B76352,11,S2,1,324.001639
sk_01,B74735,11,S2,1,0.0
sk_02,B77363,11,S2,1,621.7291330000005
fb_02,B76352,11,S3,1,0.0
ld_01,B77363,11,S3,1,658.0
pr_01,B77363,11,S3,1,704.378343
sk_01,B74735,11,S3,1,389.585966
sk_02,B76352,11,S3,1,193.190788
fb_01,B76352,12,S1,1,193.190788
fb_02,B76319,12,S1,1,0.0
ld_01,B77363,12,S1,1,185.51337199999966
pr_01,B74735,12,S1,1,422.489891
sk_02,B77363,12,S1,1,621.729133
fb_01,B76352,12,S2,1,193.190788
ld_01,B74735,12,S2,1,658.0
pr_01,B77363,12,S2,1,704.378343
sk_01,B74735,12,S2,1,0.0
fb_02,B74735,12,S3,1,389.585966
ld_01,B77363,12,S3,1,658.0
pr_01,B77363,12,S3,1,704.378343
sk_02,B76352,12,S3,1,386.381576
ld_01,B77363,13,S1,1,658.0
pr_01,B76352,13,S1,1,324.001639
sk_01,B77363,13,S1,1,621.7291330000005
fb_02,B76352,13,S2,1,0.0
ld_01,B76352,13,S2,1,638.006556
pr_01,B77363,13,S2,1,704.378343
fb_01,B74735,13,S3,1,0.0
ld_01,B77363,13,S3,1,658.0
pr_01,B76352,13,S3,1,324.001639
sk_01,B76319,13,S3,1,0.0
sk_02,B74735,13,S3,1,389.585966
ld_01,B77363,14,S1,1,658.0
pr_01,B74735,14,S1,1,422.489891
sk_01,B74735,14,S1,1,0.0
ld_01,B74735,14,S2,1,658.0
pr_01,B76352,14,S2,1,324.00163900000007
ld_01,B76352,14,S3,1,658.0
fb_01,B76319,15,S1,1,188.631449
fb_02,B76319,15,S1,1,188.631449
pr_01,B77363,15,S1,1,0.0001696371649586581
fb_01,B77252,15,S2,1,97.136203
fb_02,B76319,15,S2,1,188.631449
sk_01,B77252,15,S2,1,0.0
sk_02,B76319,15,S2,1,377.262898
fb_01,B76319,15,S3,1,188.631449
fb_02,B77252,15,S3,1,97.136203
pr_01,B76319,15,S3,1,310.944969
sk_01,B77252,15,S3,1,97.136203
sk_02,B74735,15,S3,1,0.0
fb_01,B76352,16,S1,1,193.190788
fb_02,B76319,16,S1,1,188.631449
pr_01,B77252,16,S1,1,97.136203
sk_01,B76319,16,S1,1,377.262898
fb_02,B77300,16,S2,1,4.082988999999998
ld_01,B77252,16,S2,1,0.0
pr_01,B76319,16,S2,1,310.944969
sk_01,B76352,16,S2,1,193.190788
sk_02,B76319,16,S2,1,178.30911099999997
fb_01,B76319,16,S3,1,188.631449
fb_02,B76319,16,S3,1,188.631449
pr_01,B76352,16,S3,1,193.190788
fb_01,B76352,17,S1,1,193.190788
fb_02,B74735,17,S1,1,7.511551749278624
ld_01,B76352,17,S1,1,0.0
pr_01,B76319,17,S1,1,310.944969
sk_02,B76319,17,S1,1,387.58523600000007
fb_01,B76319,17,S2,1,188.631449
fb_02,B76352,17,S2,1,193.190788
pr_01,B76319,17,S2,1,310.944969
fb_02,B76319,17,S3,1,188.631449
pr_01,B76319,17,S3,1,5.190851000010163
sk_01,B76352,17,S3,1,386.381576
sk_02,B74735,17,S3,1,7.511551749278624
fb_01,B77363,18,S1,1,169.63698236283528
fb_02,B76319,18,S1,1,188.631449
pr_01,B74735,18,S1,1,7.511551749278624
sk_01,B76319,18,S1,1,377.262898
sk_02,B76352,18,S1,1,0.0
fb_01,B76319,18,S2,1,188.631449
ld_01,B76319,18,S2,1,658.0
pr_01,B76352,18,S2,1,324.001639
sk_01,B77363,18,S2,1,169.63698236283153
sk_02,B74735,18,S2,1,0.0
fb_01,B77252,18,S3,1,97.136203
fb_02,B76319,18,S3,1,188.631449
pr_01,B76352,18,S3,1,62.379936999999984
sk_02,B76319,18,S3,1,267.8804030000001
fb_01,B76319,19,S1,1,188.631449
fb_02,B76319,19,S1,1,188.631449
pr_01,B77363,19,S1,1,169.63698236283153
fb_01,B76352,19,S2,1,193.190788
fb_02,B76352,19,S2,1,130.810851
pr_01,B76319,19,S2,1,310.944969
sk_01,B76319,19,S2,1,526.26987
sk_02,B77252,19,S2,1,194.272406
fb_01,B76319,19,S3,1,188.631449
fb_02,B76352,19,S3,1,141.122474
pr_01,B76319,19,S3,1,310.944969
sk_01,B76352,19,S3,1,324.001639
fb_01,B76319,20,S1,1,188.631449
fb_02,B76352,20,S1,1,193.190788
pr_01,B76319,20,S1,1,310.944969
sk_01,B77300,20,S1,1,4.082988999999998
sk_02,B76352,20,S1,1,0.0
fb_01,B76352,20,S2,1,193.190788
fb_02,B76319,20,S2,1,188.631449
pr_01,B77252,20,S2,1,194.272406
sk_02,B76319,20,S2,1,526.26987
fb_02,B76319,20,S3,1,188.631449
ld_01,B76319,20,S3,1,613.0352000000012
pr_01,B76352,20,S3,1,324.001639
sk_02,B76352,20,S3,1,527.50405
fb_01,B76352,21,S1,1,120.49922800000002
fb_02,B76319,21,S1,1,188.631449
ld_01,B77363,21,S1,1,169.63715200000024
pr_01,B76319,21,S1,1,310.944969
sk_01,B77363,21,S1,1,0.0
fb_01,B76319,21,S2,1,188.631449
fb_02,B77252,21,S2,1,97.136203
pr_01,B76319,21,S2,1,310.944969
sk_01,B76352,21,S2,1,120.49922800000002
fb_01,B77252,21,S3,1,97.136203
fb_02,B76319,21,S3,1,188.631449
pr_01,B76352,21,S3,1,324.001639
sk_01,B76319,21,S3,1,503.1023939999982
fb_01,B76352,22,S1,1,193.190788
fb_02,B76319,22,S1,1,188.631449
pr_01,B76319,22,S1,1,310.944969
sk_02,B77252,22,S1,1,0.0
fb_01,B76319,22,S2,1,188.631449
fb_02,B76352,22,S2,1,193.190788
ld_01,B76319,22,S2,1,658.0
pr_01,B76352,22,S2,1,324.001639
fb_01,B76352,22,S3,1,193.190788
fb_02,B76319,22,S3,1,188.631449
ld_01,B76352,22,S3,1,57.56632299999933
sk_01,B76319,22,S3,1,526.2698700000007
fb_01,B76352,23,S1,1,193.190788
fb_02,B76319,23,S1,1,188.631449
pr_01,B76319,23,S1,1,310.944969
fb_01,B76352,23,S2,1,172.03510199999914
fb_02,B76319,23,S2,1,188.631449
pr_01,B76319,23,S2,1,310.944969
ld_01,B76319,23,S3,1,658.0
pr_01,B76319,23,S3,1,310.944969
sk_01,B76352,23,S3,1,489.98576399999905
sk_02,B77363,23,S3,1,0.0
fb_01,B76319,24,S1,1,188.631449
fb_02,B77252,24,S1,1,0.0
pr_01,B76352,24,S1,1,324.001639
sk_02,B76319,24,S1,1,526.26987
fb_01,B77252,24,S2,1,47.19786700000003
ld_01,B74735,24,S2,1,7.511551749278624
pr_01,B76319,24,S2,1,310.944969
sk_01,B76319,24,S2,1,502.18510500000014
fb_01,B76352,24,S3,1,0.0
fb_02,B76319,24,S3,1,188.631449
pr_01,B76319,24,S3,1,310.944969
sk_01,B77252,24,S3,1,241.47027300000002
fb_01,B76319,25,S1,1,188.631449
fb_02,B76319,25,S1,1,188.631449
ld_01,B76352,25,S1,1,658.0
pr_01,B77252,25,S1,1,241.47027300000002
sk_01,B76352,25,S1,1,0.0
fb_01,B76319,25,S2,1,121.56593399999917
fb_02,B77252,25,S2,1,0.0
ld_01,B76352,25,S2,1,658.0
pr_01,B76352,25,S2,1,165.98412499999904
sk_02,B76319,25,S2,1,526.26987
fb_02,B77300,25,S3,1,154.969991
ld_01,B76319,25,S3,1,658.0
pr_01,B76319,25,S3,1,310.944969
sk_01,B76352,25,S3,1,0.0
fb_01,B77300,26,S1,1,154.969991
fb_02,B76319,26,S1,1,188.631449
ld_01,B77252,26,S1,1,532.878882
pr_01,B76319,26,S1,1,310.944969
sk_01,B77300,26,S1,1,154.969991
fb_01,B76352,26,S2,1,193.190788
fb_02,B76319,26,S2,1,188.631449
ld_01,B76352,26,S2,1,658.0
pr_01,B76319,26,S2,1,310.944969
sk_01,B77300,26,S2,1,154.969991
ld_01,B76319,26,S3,1,658.0
pr_01,B77300,26,S3,1,314.022971
sk_01,B76319,26,S3,1,526.26987
fb_01,B76319,27,S1,1,188.631449
ld_01,B77300,27,S1,1,314.022971
pr_01,B76319,27,S1,1,310.944969
sk_01,B76352,27,S1,1,527.5040500000001
sk_02,B76352,27,S1,1,120.4992279999999
fb_01,B76352,27,S2,1,0.0
ld_01,B76319,27,S2,1,658.0
pr_01,B76352,27,S2,1,324.001639
sk_01,B76319,27,S2,1,217.9335880000001
fb_02,B76319,27,S3,1,188.631449
ld_01,B76319,27,S3,1,658.0
pr_01,B76352,27,S3,1,324.001639
ld_01,B76352,28,S1,1,658.0
pr_01,B76319,28,S1,1,310.944969
sk_01,B76319,28,S1,1,188.631449
ld_01,B76319,28,S2,1,658.0
pr_01,B76319,28,S2,1,310.944969
ld_01,B76319,28,S3,1,658.0
