window,stage,seconds,work_units,final_line,work_per_s
ka_40_sub14_lock7,1,7200.02,6887.38,"Best objective -1.722708257930e+05, best bound -1.639685341504e+05, gap 4.8193%",0.9565778983947266
ka_40_sub14_lock7,2,1800.05,2151.46,"Best objective 2.409678932474e+05, best bound 2.789389009544e+05, gap 15.7577%",1.1952223549345853
ka_6_sub112_lock7,1,2.81,2.32,"Best objective 3.091335559500e+04, best bound 3.091335559500e+04, gap 0.0000%",0.8256227758007116
ka_6_sub112_lock7,2,1800.94,1710.46,"Best objective 1.144279497267e+05, best bound 1.144764439085e+05, gap 0.0424%",0.9497595700023321
ni_18_sub14_lock7,1,7200.01,7512.13,"Best objective -6.033800549900e+05, best bound -6.017776353780e+05, gap 0.2656%",1.0433499397917503
ni_18_sub14_lock7,2,1800.02,1830.17,"Best objective 2.360383646727e+05, best bound 2.788811751428e+05, gap 18.1508%",1.0167498138909568
ni_18_sub56_lock7,1,7200.06,6541.89,"Best objective -2.605257073930e+05, best bound -2.583899490189e+05, gap 0.8198%",0.9085882617644853
ni_18_sub56_lock7,2,1800.03,1813.01,"Best objective 7.528245599266e+05, best bound 8.324970515891e+05, gap 10.5831%",1.007210990927929
ni_40_sub112_lock7,1,7200.3,4563.38,"Best objective 1.644502415987e+05, best bound 1.679960143452e+05, gap 2.1561%",0.6337763704290099
ni_40_sub112_lock7,2,1800.15,1131.65,"Best objective 2.110644259661e+06, best bound 2.632989202710e+06, gap 24.7481%",0.6286420576063106
ni_40_sub14_lock7,1,7200.02,8041.47,"Best objective -1.310765948414e+06, best bound -1.303311391598e+06, gap 0.5687%",1.1168677309229695
ni_40_sub14_lock7,2,1800.02,2153.14,"Best objective 3.056969658735e+05, best bound 5.643890061091e+05, gap 84.6237%",1.1961755980489106
pg_18_sub28_lock7,1,7200.02,8365.87,"Best objective -2.933512024400e+05, best bound -2.897407927155e+05, gap 1.2307%",1.161923161324552
pg_18_sub28_lock7,2,1800.05,2034.9,"Best objective 3.561054431945e+05, best bound 3.923471190149e+05, gap 10.1772%",1.1304685980944975
pg_40_sub14_lock7,1,7200.05,8135.4,"Best objective -1.063315551077e+06, best bound -1.054966466344e+06, gap 0.7852%",1.1299088200776384
pg_40_sub14_lock7,2,1800.03,1963.31,"Best objective 3.464870000456e+05, best bound 3.907511423946e+05, gap 12.7751%",1.0907095992844564
