window,stage,checkpoint_s,incumbent,best_bound,gap_pct,shortfall_vs_final_pct
ka_40_sub14_lock7,1,60,-188755.0453,-163964.93,13.1,9.568779171726295
ka_40_sub14_lock7,1,300,-174635.36,-163964.93,6.11,1.372565512106721
ka_40_sub14_lock7,1,600,-173800.18,-163964.93,5.66,0.88775911743155
ka_40_sub14_lock7,1,900,-173800.18,-163964.93,5.66,0.88775911743155
ka_40_sub14_lock7,1,1800,-172940.19,-163964.93,5.19,0.3885509810337683
ka_40_sub14_lock7,1,3600,-172420.58,-163964.93,4.9,0.08692707871669278
ka_40_sub14_lock7,1,5400,-172348.3,-163968.53,4.86,0.04496988840188509
ka_40_sub14_lock7,1,7200,-172270.83,-163968.53,4.82,0.0
ka_40_sub14_lock7,2,60,239589.05926,278950.477,16.4,0.5722064142379341
ka_40_sub14_lock7,2,300,240675.60928,278938.911,15.9,0.12129571137512776
ka_40_sub14_lock7,2,600,240967.893,278938.901,15.8,0.0
ka_40_sub14_lock7,2,900,240967.893,278938.901,15.8,0.0
ka_40_sub14_lock7,2,1800,240967.893,278938.901,15.8,0.0
ka_6_sub112_lock7,2,60,114239.87249,114524.335,0.25,0.16436326089910971
ka_6_sub112_lock7,2,300,114419.881,114492.484,0.06,0.007051598844515823
ka_6_sub112_lock7,2,600,114423.738,114488.797,0.06,0.003680918866412913
ka_6_sub112_lock7,2,900,114423.738,114487.272,0.06,0.003680918866412913
ka_6_sub112_lock7,2,1800,114427.95,114476.451,0.04,0.0
ni_18_sub14_lock7,1,60,-613204.66,-601777.64,1.86,1.6282623199093151
ni_18_sub14_lock7,1,300,-605267.25,-601777.64,0.58,0.3127713619301721
ni_18_sub14_lock7,1,600,-605209.54,-601777.64,0.57,0.3032069091445749
ni_18_sub14_lock7,1,900,-605040.32,-601777.64,0.54,0.2751615669095957
ni_18_sub14_lock7,1,1800,-604123.25,-601777.64,0.39,0.12317278305770192
ni_18_sub14_lock7,1,3600,-603564.54,-601777.64,0.3,0.03057608550365407
ni_18_sub14_lock7,1,5400,-603380.05,-601777.64,0.27,0.0
ni_18_sub14_lock7,1,7200,-603380.05,-601777.64,0.27,0.0
ni_18_sub14_lock7,2,60,225919.584,279858.117,23.9,4.286922170470037
ni_18_sub14_lock7,2,300,231765.172,279835.354,20.7,1.8103806980699937
ni_18_sub14_lock7,2,600,233173.64,279511.029,19.9,1.2136692270343328
ni_18_sub14_lock7,2,900,233488.616,279271.869,19.6,1.080226513177204
ni_18_sub14_lock7,2,1800,236038.365,278881.175,18.2,0.0
ni_18_sub56_lock7,1,60,-273493.17,-258389.95,5.52,4.977420462648386
ni_18_sub56_lock7,1,300,-260552.51,-258389.95,0.83,0.0102868926064984
ni_18_sub56_lock7,1,600,-260525.71,-258389.95,0.82,0.0
ni_18_sub56_lock7,1,900,-260525.71,-258389.95,0.82,0.0
ni_18_sub56_lock7,1,1800,-260525.71,-258389.95,0.82,0.0
ni_18_sub56_lock7,1,3600,-260525.71,-258389.95,0.82,0.0
ni_18_sub56_lock7,1,5400,-260525.71,-258389.95,0.82,0.0
ni_18_sub56_lock7,1,7200,-260525.71,-258389.95,0.82,0.0
ni_18_sub56_lock7,2,60,578535.462,832537.11,43.9,23.15135653916498
ni_18_sub56_lock7,2,300,704424.063,832511.843,18.2,6.429186768295668
ni_18_sub56_lock7,2,600,726912.654,832511.799,14.5,3.441958110399596
ni_18_sub56_lock7,2,900,730892.15599,832511.799,13.9,2.913348630655734
ni_18_sub56_lock7,2,1800,752824.56,832497.052,10.6,0.0
ni_40_sub112_lock7,1,60,,,,
ni_40_sub112_lock7,1,300,,,,
ni_40_sub112_lock7,1,600,,,,
ni_40_sub112_lock7,1,900,,,,
ni_40_sub112_lock7,1,1800,162625.36,167996.014,3.3,1.109686418096005
ni_40_sub112_lock7,1,3600,164371.342,167996.014,2.21,0.04797803824453732
ni_40_sub112_lock7,1,5400,164419.252,167996.014,2.18,0.018844605896044038
ni_40_sub112_lock7,1,7200,164450.242,167996.014,2.16,0.0
ni_40_sub112_lock7,2,60,,,,
ni_40_sub112_lock7,2,300,,,,
ni_40_sub112_lock7,2,600,1610149.61,2632994.9,63.5,23.71288518321888
ni_40_sub112_lock7,2,900,2089903.5041,2632994.9,26.0,0.9826741669863286
ni_40_sub112_lock7,2,1800,2110644.26,2632989.2,24.7,0.0
ni_40_sub14_lock7,1,60,-1316376.022,-1303265.8,1.0,0.4280033528489112
ni_40_sub14_lock7,1,300,-1313131.419,-1303266.0,0.75,0.18046845741105164
ni_40_sub14_lock7,1,600,-1310938.6,-1303266.0,0.59,0.013175502963586883
ni_40_sub14_lock7,1,900,-1310938.6,-1303266.0,0.59,0.013175502963586883
ni_40_sub14_lock7,1,1800,-1310938.6,-1303298.7,0.58,0.013175502963586883
ni_40_sub14_lock7,1,3600,-1310938.6,-1303307.8,0.58,0.013175502963586883
ni_40_sub14_lock7,1,5400,-1310938.6,-1303307.8,0.58,0.013175502963586883
ni_40_sub14_lock7,1,7200,-1310765.9,-1303311.4,0.57,0.0
ni_40_sub14_lock7,2,60,305696.966,564418.342,84.6,0.0
ni_40_sub14_lock7,2,300,305696.966,564392.234,84.6,0.0
ni_40_sub14_lock7,2,600,305696.966,564392.234,84.6,0.0
ni_40_sub14_lock7,2,900,305696.966,564392.234,84.6,0.0
ni_40_sub14_lock7,2,1800,305696.966,564389.006,84.6,0.0
pg_18_sub28_lock7,1,60,-303123.8005,-289740.79,4.42,3.331365441832179
pg_18_sub28_lock7,1,300,-294750.14,-289740.79,1.7,0.4768823171679551
pg_18_sub28_lock7,1,600,-294142.91,-289740.79,1.5,0.26988469793202235
pg_18_sub28_lock7,1,900,-293951.32,-289740.79,1.43,0.20457390322589283
pg_18_sub28_lock7,1,1800,-293650.9557,-289740.79,1.33,0.10218321929481784
pg_18_sub28_lock7,1,3600,-293380.8,-289740.79,1.24,0.010090294500236139
pg_18_sub28_lock7,1,5400,-293351.2,-289740.79,1.23,0.0
pg_18_sub28_lock7,1,7200,-293351.2,-289740.79,1.23,0.0
pg_18_sub28_lock7,2,60,304260.09,392361.64,29.0,14.558989203655615
pg_18_sub28_lock7,2,300,347415.461,392347.138,12.9,2.4402833966230664
pg_18_sub28_lock7,2,600,350169.42932,392347.138,12.0,1.6669258492631442
pg_18_sub28_lock7,2,900,354037.481,392347.138,10.8,0.5807162009596127
pg_18_sub28_lock7,2,1800,356105.443,392347.138,10.2,0.0
pg_40_sub14_lock7,1,60,-1066129.059,-1054831.7,1.06,0.26459303333834266
pg_40_sub14_lock7,1,300,-1064556.8,-1054855.6,0.91,0.11672921943399997
pg_40_sub14_lock7,1,600,-1063513.4,-1054855.6,0.81,0.018602191108624166
pg_40_sub14_lock7,1,900,-1063315.6,-1054855.6,0.8,0.0
pg_40_sub14_lock7,1,1800,-1063315.6,-1054855.6,0.8,0.0
pg_40_sub14_lock7,1,3600,-1063315.6,-1054963.7,0.79,0.0
pg_40_sub14_lock7,1,5400,-1063315.6,-1054966.5,0.79,0.0
pg_40_sub14_lock7,1,7200,-1063315.6,-1054966.5,0.79,0.0
pg_40_sub14_lock7,2,60,266581.333,390913.051,46.6,23.061663796468313
pg_40_sub14_lock7,2,300,266581.333,390879.981,46.6,23.061663796468313
pg_40_sub14_lock7,2,600,296113.464,390879.981,32.0,14.538362490578526
pg_40_sub14_lock7,2,900,296113.464,390879.981,32.0,14.538362490578526
pg_40_sub14_lock7,2,1800,346487.00005,390751.142,12.8,0.0
