run_id,context,size,solver,master_days,sub_days,lock_days,theta_weeks,baseline,sa_iters,mip_time_limit,wall_time_s,fhops_version,fhops_commit,fhops_path,n_iterations,last_window_objective,kpi_total_production,kpi_completed_blocks,kpi_staged_production,kpi_remaining_work_total,kpi_sequencing_violation_count,kpi_sequencing_violation_blocks,kpi_sequencing_violation_days,kpi_sequencing_clean_blocks,kpi_utilisation_ratio_mean_day,kpi_utilisation_ratio_weighted_day,kpi_makespan_day,kpi_utilisation_ratio_mean_shift,kpi_utilisation_ratio_weighted_shift
ka_6_baseline_mip,ka,6,mip,28,28,28,,True,50,30,34.934704065322876,1.0.0,f60b638d753010b2cff8792303d9e523b7b0418c,/home/gep/projects/fhops-v101/src/fhops,1,,30913.355595,0.0,0.0,0.0,0,0,0,6,0.0,0.0,0,,
ka_6_baseline_sa,ka,6,sa,28,28,28,,True,50,30,3.329545497894287,1.0.0,f60b638d753010b2cff8792303d9e523b7b0418c,/home/gep/projects/fhops-v101/src/fhops,1,-7152.402169000012,30380.47671299999,5.0,532.8788820000118,532.8788820000118,0,0,0,6,0.1369047619047619,0.13690476190476192,28,2.358974358974359,2.358974358974359
ka_6_sub14_lock14_mip,ka,6,mip,28,14,14,2.0,False,50,30,65.08529853820801,1.0.0,f60b638d753010b2cff8792303d9e523b7b0418c,/home/gep/projects/fhops-v101/src/fhops,2,,30913.355595,0.0,0.0,0.0,0,0,0,6,0.0,0.0,0,,
ka_6_sub14_lock14_sa,ka,6,sa,28,14,14,2.0,False,50,30,4.214770793914795,1.0.0,f60b638d753010b2cff8792303d9e523b7b0418c,/home/gep/projects/fhops-v101/src/fhops,2,-26688.460943000002,19241.837467999998,2.0,11671.518127000003,11671.518127000003,0,0,0,6,0.19345238095238096,0.19345238095238096,28,2.5324675324675323,2.5324675324675323
ka_6_sub14_lock7_mip,ka,6,mip,28,14,7,2.0,False,50,30,108.4154543876648,1.0.0,f60b638d753010b2cff8792303d9e523b7b0418c,/home/gep/projects/fhops-v101/src/fhops,4,-7225.355595000001,7896.0,0.0,23017.355595,23017.355595,13,1,3,5,0.033730158730158735,0.03373015873015873,28,1.9428571428571428,1.9428571428571428
ka_6_sub14_lock7_sa,ka,6,sa,28,14,7,2.0,False,50,30,7.344376802444458,1.0.0,f60b638d753010b2cff8792303d9e523b7b0418c,/home/gep/projects/fhops-v101/src/fhops,4,-29437.355595,13506.447325999994,1.0,17406.908269000007,17406.908269000007,0,0,0,6,0.19444444444444445,0.19444444444444445,28,2.8,2.8
ka_6_sub28_lock14_mip,ka,6,mip,28,28,14,4.0,False,50,30,67.50331783294678,1.0.0,f60b638d753010b2cff8792303d9e523b7b0418c,/home/gep/projects/fhops-v101/src/fhops,2,,30913.355595,0.0,0.0,0.0,0,0,0,6,0.0,0.0,0,,
ka_6_sub28_lock14_sa,ka,6,sa,28,28,14,4.0,False,50,30,5.311562538146973,1.0.0,f60b638d753010b2cff8792303d9e523b7b0418c,/home/gep/projects/fhops-v101/src/fhops,2,-26688.460943000002,19241.837467999998,2.0,11671.518127000003,11671.518127000003,0,0,0,6,0.19345238095238093,0.19345238095238096,28,2.5324675324675323,2.5324675324675323
ka_6_sub28_lock7_mip,ka,6,mip,28,28,7,4.0,False,50,30,113.23614382743835,1.0.0,f60b638d753010b2cff8792303d9e523b7b0418c,/home/gep/projects/fhops-v101/src/fhops,4,-7225.355595000001,7896.0,0.0,23017.355595,23017.355595,13,1,3,5,0.033730158730158735,0.03373015873015873,28,1.9428571428571428,1.9428571428571428
ka_6_sub28_lock7_sa,ka,6,sa,28,28,7,4.0,False,50,30,8.890074491500854,1.0.0,f60b638d753010b2cff8792303d9e523b7b0418c,/home/gep/projects/fhops-v101/src/fhops,4,-29437.355595,13506.447325999994,1.0,17406.908269000007,17406.908269000007,0,0,0,6,0.1974206349206349,0.1974206349206349,28,2.842857142857143,2.842857142857143
