run_id,context,size,solver,master_days,sub_days,lock_days,theta_weeks,baseline,sa_iters,mip_time_limit,mip_earliness_time_limit,wall_time_s,fhops_version,fhops_commit,fhops_path,n_iterations,n_locked_assignments,empty_plan,n_iteration_warnings,n_no_solution_windows,n_skipped_windows,n_empty_windows,last_window_objective,kpi_total_production,kpi_completed_blocks,kpi_staged_production,kpi_remaining_work_total,kpi_sequencing_violation_count,kpi_sequencing_violation_blocks,kpi_sequencing_violation_days,kpi_sequencing_clean_blocks,kpi_utilisation_ratio_mean_shift,kpi_utilisation_ratio_weighted_shift,kpi_utilisation_ratio_mean_day,kpi_utilisation_ratio_weighted_day,kpi_makespan_day
ka_6_baseline_mip,ka,6,mip,28,28,28,,True,50,30,30,31.345649480819702,1.0.1,,/tmp/opencode/venv-fhops101/lib/python3.12/site-packages/fhops,1,5,False,2,0,0,0,-30293.475631,309.9399819999999,0.0,30603.415613,30603.415613,0,0,0,6,1.0,1.0,0.0024801587301587305,0.00248015873015873,2
ka_6_baseline_sa,ka,6,sa,28,28,28,,True,50,30,30,3.290067672729492,1.0.1,,/tmp/opencode/venv-fhops101/lib/python3.12/site-packages/fhops,1,277,False,0,0,0,0,30913.355594999986,30913.355595,6.0,0.0,0.0,0,0,0,6,1.0,1.0,0.13740079365079366,0.13740079365079366,27
ka_6_sub14_lock14_mip,ka,6,mip,28,14,14,2.0,False,50,30,30,59.930562019348145,1.0.1,,/tmp/opencode/venv-fhops101/lib/python3.12/site-packages/fhops,2,361,False,4,0,0,0,10322.38402400013,30913.355595,6.0,0.0,0.0,0,0,0,6,1.0,1.0,0.17906746031746032,0.17906746031746032,28
ka_6_sub14_lock14_sa,ka,6,sa,28,14,14,2.0,False,50,30,30,3.784939765930176,1.0.1,,/tmp/opencode/venv-fhops101/lib/python3.12/site-packages/fhops,2,277,False,0,0,0,0,11831.355594999988,30913.355595,6.0,0.0,0.0,0,0,0,6,1.0,1.0,0.13740079365079363,0.13740079365079366,27
ka_6_sub14_lock7_mip,ka,6,mip,28,14,7,2.0,False,50,30,30,159.88956952095032,1.0.1,,/tmp/opencode/venv-fhops101/lib/python3.12/site-packages/fhops,4,336,False,11,0,0,0,5734.747187999988,30913.355595,6.0,0.0,0.0,0,0,0,6,1.0,1.0,0.16666666666666666,0.16666666666666666,28
ka_6_sub14_lock7_sa,ka,6,sa,28,14,7,2.0,False,50,30,30,5.743539094924927,1.0.1,,/tmp/opencode/venv-fhops101/lib/python3.12/site-packages/fhops,4,277,False,0,0,0,0,5435.4951559999945,30913.355595,6.0,0.0,0.0,0,0,0,6,1.0,1.0,0.13740079365079363,0.13740079365079366,27
ka_6_sub28_lock14_mip,ka,6,mip,28,28,14,4.0,False,50,30,30,93.72736692428589,1.0.1,,/tmp/opencode/venv-fhops101/lib/python3.12/site-packages/fhops,2,220,False,5,0,0,0,1347.5333470000023,18617.361003,0.0,12295.994592,12295.994592,0,0,0,6,1.0,1.0,0.10912698412698411,0.10912698412698413,28
ka_6_sub28_lock14_sa,ka,6,sa,28,28,14,4.0,False,50,30,30,4.25964093208313,1.0.1,,/tmp/opencode/venv-fhops101/lib/python3.12/site-packages/fhops,2,277,False,0,0,0,0,11831.355594999988,30913.355595,6.0,0.0,0.0,0,0,0,6,1.0,1.0,0.13740079365079363,0.13740079365079366,27
ka_6_sub28_lock7_mip,ka,6,mip,28,28,7,4.0,False,50,30,30,199.1963210105896,1.0.1,,/tmp/opencode/venv-fhops101/lib/python3.12/site-packages/fhops,4,274,False,11,0,0,0,2974.2215450001786,27125.599836999943,2.0,3787.7557580000575,3787.7557580000575,0,0,0,6,1.0,1.0,0.1359126984126984,0.1359126984126984,28
ka_6_sub28_lock7_sa,ka,6,sa,28,28,7,4.0,False,50,30,30,7.971827507019043,1.0.1,,/tmp/opencode/venv-fhops101/lib/python3.12/site-packages/fhops,4,277,False,0,0,0,0,5093.914081999995,30913.355595,6.0,0.0,0.0,0,0,0,6,1.0,1.0,0.13740079365079363,0.13740079365079366,27
